image,predicted_color,aquarius,name,price,mrp,material
1.jpg,white,56%,White Shirt,2613,2980,Cotton
10.jpg,black,51%,Black Shirt,2057,2843,Linen
100.jpg,black,44%,Black Shirt,1930,2397,Wool
1000.jpg,green,77%,Green Shirt,2961,3350,Polyester
1001.jpg,white,51%,White Shirt,2433,3113,Cotton
1002.jpg,white,42%,White Shirt,1537,2281,Linen
1003.jpg,gray,43%,Gray Shirt,2814,3529,Silk
1004.jpg,blue,46%,Blue Shirt,2130,2868,Linen
1005.jpg,white,91%,White Shirt,2289,2998,Silk
1006.jpg,gray,70%,Gray Shirt,1912,2332,Wool
1007.jpg,blue,78%,Blue Shirt,2431,2781,Wool
1008.jpg,black,77%,Black Shirt,2950,3461,Silk
1009.jpg,black,80%,Black Shirt,2791,3132,Wool
101.jpg,unknown,44%,Stylish Shirt,1541,2035,Linen
1010.jpg,white,55%,White Shirt,2378,2683,Wool
1011.jpg,unknown,77%,Stylish Shirt,2060,2454,Polyester
1012.jpg,black,82%,Black Shirt,1972,2392,Denim
1013.jpg,blue,77%,Blue Shirt,2515,3020,Linen
1014.jpg,white,93%,White Shirt,2467,3199,Polyester
1015.jpg,gray,79%,Gray Shirt,2339,2826,Silk
1016.jpg,white,79%,White Shirt,2969,3544,Linen
1017.jpg,gray,40%,Gray Shirt,2964,3571,Wool
1018.jpg,unknown,84%,Stylish Shirt,2072,2688,Cotton
1019.jpg,gray,47%,Gray Shirt,2431,2859,Cotton
102.jpg,white,93%,White Shirt,2832,3285,Cotton
1020.jpg,black,76%,Black Shirt,1538,2156,Wool
1021.jpg,unknown,44%,Stylish Shirt,1548,2315,Wool
1022.jpg,black,78%,Black Shirt,2919,3300,Cotton
1023.jpg,unknown,44%,Stylish Shirt,1657,2258,Silk
1024.jpg,black,76%,Black Shirt,1724,2481,Cotton
1025.jpg,white,90%,White Shirt,1571,2258,Wool
1026.jpg,unknown,79%,Stylish Shirt,1685,2453,Denim
1027.jpg,white,61%,White Shirt,1542,2047,Denim
1028.jpg,white,75%,White Shirt,1728,2249,Linen
1029.jpg,black,77%,Black Shirt,2262,2652,Polyester
103.jpg,pink,84%,Pink Shirt,2064,2713,Wool
1030.jpg,black,67%,Black Shirt,2108,2864,Cotton
1031.jpg,unknown,51%,Stylish Shirt,2058,2433,Linen
1032.jpg,black,77%,Black Shirt,2199,2819,Cotton
1033.jpg,unknown,78%,Stylish Shirt,2296,2767,Denim
1034.jpg,white,63%,White Shirt,1914,2645,Polyester
1035.jpg,white,79%,White Shirt,2004,2449,Linen
1036.jpg,white,47%,White Shirt,2987,3353,Silk
1037.jpg,white,46%,White Shirt,2849,3256,Cotton
1038.jpg,black,76%,Black Shirt,2440,2893,Linen
1039.jpg,white,61%,White Shirt,1716,2470,Silk
104.jpg,unknown,63%,Stylish Shirt,2654,3179,Silk
1040.jpg,gray,52%,Gray Shirt,1797,2220,Polyester
1041.jpg,black,74%,Black Shirt,2975,3727,Silk
1042.jpg,white,54%,White Shirt,1551,2154,Polyester
1043.jpg,black,80%,Black Shirt,2561,3216,Cotton
1044.jpg,gray,81%,Gray Shirt,2615,3130,Wool
1045.jpg,black,74%,Black Shirt,2754,3277,Silk
1046.jpg,black,79%,Black Shirt,2363,3065,Wool
1047.jpg,white,58%,White Shirt,2793,3275,Cotton
1048.jpg,blue,40%,Blue Shirt,2009,2613,Wool
1049.jpg,black,81%,Black Shirt,2779,3267,Silk
105.jpg,white,46%,White Shirt,2492,2879,Denim
1050.jpg,white,62%,White Shirt,2461,2803,Polyester
1051.jpg,unknown,80%,Stylish Shirt,1626,2154,Wool
1052.jpg,white,48%,White Shirt,1660,1985,Wool
1053.jpg,black,78%,Black Shirt,1771,2544,Silk
1054.jpg,gray,79%,Gray Shirt,2608,3281,Cotton
1055.jpg,gray,77%,Gray Shirt,2904,3276,Denim
1056.jpg,black,78%,Black Shirt,2356,2837,Linen
1057.jpg,gray,79%,Gray Shirt,1782,2230,Wool
1058.jpg,gray,80%,Gray Shirt,1966,2435,Cotton
1059.jpg,white,53%,White Shirt,2357,2680,Denim
106.jpg,gray,60%,Gray Shirt,1700,2499,Polyester
1060.jpg,gray,79%,Gray Shirt,2473,3077,Polyester
1061.jpg,unknown,63%,Stylish Shirt,2233,2985,Silk
1062.jpg,blue,78%,Blue Shirt,2471,2823,Linen
1063.jpg,unknown,79%,Stylish Shirt,1746,2294,Wool
1064.jpg,blue,76%,Blue Shirt,2986,3301,Polyester
1065.jpg,white,40%,White Shirt,2565,3049,Linen
1066.jpg,unknown,78%,Stylish Shirt,1902,2314,Denim
1067.jpg,white,44%,White Shirt,1905,2590,Polyester
1068.jpg,black,62%,Black Shirt,1822,2199,Silk
1069.jpg,white,63%,White Shirt,2309,2708,Wool
107.jpg,unknown,81%,Stylish Shirt,1893,2368,Cotton
1070.jpg,black,66%,Black Shirt,1854,2394,Wool
1071.jpg,gray,76%,Gray Shirt,1506,1997,Cotton
1072.jpg,white,43%,White Shirt,2552,2903,Silk
1073.jpg,gray,80%,Gray Shirt,2824,3300,Wool
1074.jpg,gray,57%,Gray Shirt,2527,2955,Denim
1075.jpg,white,90%,White Shirt,1741,2106,Silk
1076.jpg,gray,49%,Gray Shirt,2573,3012,Cotton
1077.jpg,gray,84%,Gray Shirt,2579,3326,Polyester
1078.jpg,gray,65%,Gray Shirt,1543,2169,Linen
1079.jpg,black,70%,Black Shirt,2250,2976,Linen
108.jpg,white,94%,White Shirt,2043,2587,Cotton
1080.jpg,unknown,84%,Stylish Shirt,2750,3177,Denim
1081.jpg,black,65%,Black Shirt,2967,3697,Silk
1082.jpg,gray,51%,Gray Shirt,1509,2219,Silk
1083.jpg,unknown,74%,Stylish Shirt,2588,2976,Wool
1084.jpg,blue,78%,Blue Shirt,2028,2473,Denim
1085.jpg,white,47%,White Shirt,1538,1950,Cotton
1086.jpg,black,80%,Black Shirt,2785,3494,Linen
1087.jpg,white,95%,White Shirt,2847,3411,Denim
1088.jpg,white,94%,White Shirt,2691,3289,Silk
1089.jpg,white,58%,White Shirt,2753,3538,Denim
109.jpg,unknown,60%,Stylish Shirt,2057,2680,Linen
1090.jpg,white,47%,White Shirt,1993,2475,Polyester
1091.jpg,pink,82%,Pink Shirt,2847,3154,Linen
1092.jpg,gray,79%,Gray Shirt,2009,2474,Wool
1093.jpg,white,82%,White Shirt,2521,3150,Cotton
1094.jpg,white,62%,White Shirt,2443,3231,Wool
1095.jpg,unknown,82%,Stylish Shirt,2847,3201,Cotton
1096.jpg,white,43%,White Shirt,1557,1923,Linen
1097.jpg,gray,48%,Gray Shirt,2973,3377,Silk
1098.jpg,white,52%,White Shirt,2301,2834,Linen
1099.jpg,unknown,78%,Stylish Shirt,1875,2297,Silk
11.jpg,black,72%,Black Shirt,1975,2351,Wool
110.jpg,unknown,44%,Stylish Shirt,1917,2367,Linen
1100.jpg,white,84%,White Shirt,2967,3710,Denim
1101.jpg,black,78%,Black Shirt,1950,2293,Wool
1102.jpg,white,49%,White Shirt,2354,2864,Wool
1103.jpg,gray,49%,Gray Shirt,2628,3086,Cotton
1104.jpg,white,87%,White Shirt,2256,2559,Polyester
1105.jpg,white,55%,White Shirt,1506,2243,Linen
1106.jpg,yellow,56%,Yellow Shirt,2619,3379,Silk
1107.jpg,white,51%,White Shirt,1806,2333,Silk
1108.jpg,black,76%,Black Shirt,2501,3143,Linen
1109.jpg,white,64%,White Shirt,1513,2025,Wool
111.jpg,unknown,85%,Stylish Shirt,1928,2617,Linen
1110.jpg,black,83%,Black Shirt,2842,3609,Wool
1111.jpg,white,49%,White Shirt,2045,2503,Polyester
1112.jpg,black,77%,Black Shirt,2541,3011,Wool
1113.jpg,white,37%,White Shirt,2185,2610,Silk
1114.jpg,black,79%,Black Shirt,2235,3026,Linen
1115.jpg,gray,80%,Gray Shirt,2837,3498,Wool
1116.jpg,gray,80%,Gray Shirt,1821,2264,Cotton
1117.jpg,white,60%,White Shirt,1807,2605,Linen
1118.jpg,white,64%,White Shirt,2432,2892,Denim
1119.jpg,white,46%,White Shirt,2622,3008,Denim
112.jpg,gray,76%,Gray Shirt,2567,3166,Denim
1120.jpg,black,84%,Black Shirt,1740,2228,Polyester
1121.jpg,black,83%,Black Shirt,1639,2349,Silk
1122.jpg,gray,80%,Gray Shirt,1794,2375,Cotton
1123.jpg,white,48%,White Shirt,1879,2280,Silk
1124.jpg,gray,58%,Gray Shirt,1886,2570,Silk
1125.jpg,unknown,83%,Stylish Shirt,2237,2606,Cotton
1126.jpg,black,69%,Black Shirt,2643,3287,Wool
1127.jpg,white,51%,White Shirt,1752,2215,Denim
1128.jpg,gray,79%,Gray Shirt,1956,2419,Silk
1129.jpg,white,46%,White Shirt,2289,2722,Denim
113.jpg,gray,60%,Gray Shirt,2269,2596,Cotton
1130.jpg,gray,58%,Gray Shirt,2243,2812,Silk
1131.jpg,gray,53%,Gray Shirt,2216,2667,Denim
1132.jpg,white,57%,White Shirt,2157,2525,Linen
1133.jpg,white,52%,White Shirt,2605,3139,Linen
1134.jpg,gray,81%,Gray Shirt,1931,2261,Linen
1135.jpg,white,67%,White Shirt,1998,2717,Silk
1136.jpg,unknown,77%,Stylish Shirt,1875,2568,Cotton
1137.jpg,white,41%,White Shirt,2878,3206,Silk
1138.jpg,white,63%,White Shirt,1566,1891,Silk
1139.jpg,unknown,78%,Stylish Shirt,2283,2737,Linen
114.jpg,black,40%,Black Shirt,2013,2449,Wool
1140.jpg,white,88%,White Shirt,2759,3417,Silk
1141.jpg,black,83%,Black Shirt,2137,2519,Denim
1142.jpg,black,77%,Black Shirt,2560,3292,Linen
1143.jpg,black,62%,Black Shirt,1512,1873,Polyester
1144.jpg,white,65%,White Shirt,2780,3356,Wool
1145.jpg,unknown,79%,Stylish Shirt,1809,2227,Wool
1146.jpg,white,48%,White Shirt,1517,2167,Polyester
1147.jpg,white,61%,White Shirt,2071,2480,Silk
1148.jpg,gray,79%,Gray Shirt,2079,2856,Cotton
1149.jpg,black,79%,Black Shirt,2186,2902,Cotton
115.jpg,white,67%,White Shirt,2602,3114,Cotton
1150.jpg,white,78%,White Shirt,1741,2108,Wool
1151.jpg,black,66%,Black Shirt,1864,2626,Denim
1152.jpg,white,38%,White Shirt,1582,2027,Silk
1153.jpg,gray,82%,Gray Shirt,1590,1952,Cotton
1154.jpg,black,79%,Black Shirt,2104,2472,Denim
1155.jpg,blue,81%,Blue Shirt,2231,2539,Cotton
1156.jpg,black,81%,Black Shirt,1811,2132,Denim
1157.jpg,blue,78%,Blue Shirt,2286,3029,Silk
1158.jpg,black,75%,Black Shirt,2995,3643,Cotton
1159.jpg,unknown,48%,Stylish Shirt,1643,2105,Wool
116.jpg,black,38%,Black Shirt,2033,2522,Cotton
1160.jpg,white,65%,White Shirt,1575,1934,Denim
1161.jpg,yellow,79%,Yellow Shirt,2286,2703,Polyester
1162.jpg,black,79%,Black Shirt,2805,3121,Cotton
1163.jpg,black,79%,Black Shirt,1804,2140,Wool
1164.jpg,white,38%,White Shirt,2169,2926,Wool
1165.jpg,gray,77%,Gray Shirt,2705,3311,Denim
1166.jpg,unknown,76%,Stylish Shirt,1624,2270,Denim
1167.jpg,white,55%,White Shirt,2555,3034,Cotton
1168.jpg,white,92%,White Shirt,1708,2159,Linen
1169.jpg,blue,81%,Blue Shirt,2752,3403,Denim
117.jpg,white,81%,White Shirt,2286,2939,Cotton
1170.jpg,white,39%,White Shirt,2473,3151,Wool
1171.jpg,black,43%,Black Shirt,2819,3499,Polyester
1172.jpg,unknown,77%,Stylish Shirt,2189,2604,Denim
1173.jpg,black,74%,Black Shirt,1664,2206,Cotton
1174.jpg,white,62%,White Shirt,1584,1964,Silk
1175.jpg,blue,51%,Blue Shirt,2692,3064,Wool
1176.jpg,gray,80%,Gray Shirt,1993,2709,Denim
1177.jpg,white,52%,White Shirt,1641,1975,Wool
1178.jpg,blue,81%,Blue Shirt,1600,2101,Polyester
1179.jpg,white,60%,White Shirt,1602,2018,Cotton
118.jpg,gray,55%,Gray Shirt,2943,3254,Denim
1180.jpg,gray,83%,Gray Shirt,1862,2438,Linen
1181.jpg,white,56%,White Shirt,1987,2354,Denim
1182.jpg,gray,50%,Gray Shirt,2472,3146,Cotton
1183.jpg,blue,81%,Blue Shirt,2698,3415,Cotton
1184.jpg,white,55%,White Shirt,2648,3446,Polyester
1185.jpg,unknown,78%,Stylish Shirt,2841,3277,Linen
1186.jpg,white,59%,White Shirt,2553,3150,Wool
1187.jpg,unknown,43%,Stylish Shirt,2136,2481,Linen
1188.jpg,unknown,84%,Stylish Shirt,1879,2360,Wool
1189.jpg,black,72%,Black Shirt,1815,2299,Polyester
119.jpg,gray,82%,Gray Shirt,1756,2384,Silk
1190.jpg,black,75%,Black Shirt,2981,3517,Polyester
1191.jpg,gray,83%,Gray Shirt,1648,2072,Linen
1192.jpg,black,83%,Black Shirt,2576,2919,Silk
1193.jpg,black,78%,Black Shirt,2596,2977,Polyester
1194.jpg,gray,78%,Gray Shirt,1874,2596,Wool
1195.jpg,blue,78%,Blue Shirt,2447,3225,Silk
1196.jpg,blue,79%,Blue Shirt,1764,2199,Polyester
1197.jpg,black,78%,Black Shirt,1584,2318,Polyester
1198.jpg,gray,53%,Gray Shirt,2438,2956,Polyester
1199.jpg,white,81%,White Shirt,2131,2443,Cotton
12.jpg,black,63%,Black Shirt,1845,2585,Silk
120.jpg,unknown,81%,Stylish Shirt,2720,3518,Cotton
1200.jpg,white,46%,White Shirt,2802,3395,Cotton
1201.jpg,black,79%,Black Shirt,2954,3404,Linen
1202.jpg,blue,75%,Blue Shirt,1818,2275,Denim
1203.jpg,gray,57%,Gray Shirt,1887,2623,Polyester
1204.jpg,white,73%,White Shirt,2314,2667,Denim
1205.jpg,black,81%,Black Shirt,2365,2698,Denim
1206.jpg,black,78%,Black Shirt,1585,2235,Silk
1207.jpg,white,60%,White Shirt,2376,3068,Cotton
1208.jpg,white,42%,White Shirt,1960,2590,Silk
1209.jpg,blue,77%,Blue Shirt,2289,2849,Wool
121.jpg,black,59%,Black Shirt,1877,2452,Denim
1210.jpg,white,38%,White Shirt,2849,3334,Silk
1211.jpg,black,74%,Black Shirt,2167,2551,Denim
1212.jpg,unknown,57%,Stylish Shirt,1515,1936,Linen
1213.jpg,unknown,65%,Stylish Shirt,2478,2979,Silk
1214.jpg,white,72%,White Shirt,2742,3099,Denim
1215.jpg,blue,79%,Blue Shirt,1734,2083,Wool
1216.jpg,white,62%,White Shirt,2623,2941,Silk
1217.jpg,yellow,77%,Yellow Shirt,1698,2341,Silk
1218.jpg,gray,72%,Gray Shirt,2858,3225,Polyester
1219.jpg,unknown,81%,Stylish Shirt,2718,3116,Silk
122.jpg,gray,41%,Gray Shirt,2832,3250,Wool
1220.jpg,white,68%,White Shirt,2891,3500,Cotton
1221.jpg,white,46%,White Shirt,2475,3063,Linen
1222.jpg,unknown,76%,Stylish Shirt,1581,2162,Silk
1223.jpg,white,64%,White Shirt,1575,2151,Polyester
1224.jpg,gray,73%,Gray Shirt,2325,2796,Wool
1225.jpg,white,61%,White Shirt,2667,3257,Wool
1226.jpg,blue,80%,Blue Shirt,2274,3065,Cotton
1227.jpg,red,79%,Red Shirt,2108,2682,Wool
1228.jpg,white,75%,White Shirt,1781,2512,Silk
1229.jpg,gray,80%,Gray Shirt,2562,3359,Denim
123.jpg,white,90%,White Shirt,2433,2979,Polyester
1230.jpg,gray,80%,Gray Shirt,2157,2493,Linen
1231.jpg,white,52%,White Shirt,2856,3281,Linen
1232.jpg,black,74%,Black Shirt,2358,2937,Wool
1233.jpg,black,77%,Black Shirt,2107,2593,Linen
1234.jpg,unknown,52%,Stylish Shirt,2374,2863,Silk
1235.jpg,black,84%,Black Shirt,2752,3365,Silk
1236.jpg,white,46%,White Shirt,2262,2772,Silk
1237.jpg,gray,77%,Gray Shirt,1973,2585,Wool
1238.jpg,white,55%,White Shirt,1841,2266,Polyester
1239.jpg,white,62%,White Shirt,2882,3250,Cotton
124.jpg,white,78%,White Shirt,2838,3637,Linen
1240.jpg,gray,79%,Gray Shirt,2699,3319,Wool
1241.jpg,white,46%,White Shirt,1571,2070,Wool
1242.jpg,white,45%,White Shirt,1600,2258,Wool
1243.jpg,white,47%,White Shirt,2973,3394,Polyester
1244.jpg,white,47%,White Shirt,1556,2338,Polyester
1245.jpg,white,37%,White Shirt,2640,3362,Silk
1246.jpg,blue,76%,Blue Shirt,2870,3198,Polyester
1247.jpg,unknown,53%,Stylish Shirt,2542,2967,Cotton
1248.jpg,black,82%,Black Shirt,2840,3494,Cotton
1249.jpg,unknown,55%,Stylish Shirt,2434,2748,Wool
125.jpg,white,46%,White Shirt,2078,2581,Cotton
1250.jpg,black,82%,Black Shirt,2503,3059,Silk
1251.jpg,white,63%,White Shirt,1741,2048,Denim
1252.jpg,black,75%,Black Shirt,1870,2548,Cotton
1253.jpg,unknown,81%,Stylish Shirt,2242,2734,Linen
1254.jpg,blue,74%,Blue Shirt,2131,2769,Linen
1255.jpg,black,78%,Black Shirt,2649,3112,Denim
1256.jpg,black,78%,Black Shirt,1806,2297,Cotton
1257.jpg,unknown,80%,Stylish Shirt,2865,3526,Silk
1258.jpg,black,75%,Black Shirt,2824,3306,Cotton
1259.jpg,white,81%,White Shirt,2463,2964,Linen
126.jpg,unknown,48%,Stylish Shirt,2151,2704,Polyester
1260.jpg,blue,49%,Blue Shirt,2520,2968,Silk
1261.jpg,gray,58%,Gray Shirt,1801,2281,Denim
1262.jpg,black,77%,Black Shirt,2668,3078,Polyester
1263.jpg,gray,73%,Gray Shirt,1619,2260,Polyester
1264.jpg,black,77%,Black Shirt,2936,3731,Silk
1265.jpg,black,81%,Black Shirt,2528,2930,Wool
1266.jpg,white,49%,White Shirt,1585,2312,Polyester
1267.jpg,white,52%,White Shirt,1902,2343,Polyester
1268.jpg,white,57%,White Shirt,2072,2808,Cotton
1269.jpg,white,58%,White Shirt,1720,2324,Linen
127.jpg,black,72%,Black Shirt,2970,3657,Silk
1270.jpg,gray,78%,Gray Shirt,2972,3345,Silk
1271.jpg,black,77%,Black Shirt,2491,2834,Linen
1272.jpg,red,80%,Red Shirt,2573,2940,Wool
1273.jpg,black,77%,Black Shirt,2932,3619,Denim
1274.jpg,gray,77%,Gray Shirt,2881,3356,Wool
1275.jpg,white,46%,White Shirt,2749,3282,Wool
1276.jpg,blue,56%,Blue Shirt,2409,2922,Linen
1277.jpg,gray,76%,Gray Shirt,2548,3246,Cotton
1278.jpg,blue,76%,Blue Shirt,2671,3106,Linen
1279.jpg,black,72%,Black Shirt,2705,3115,Polyester
128.jpg,unknown,40%,Stylish Shirt,2199,2544,Cotton
1280.jpg,gray,83%,Gray Shirt,1858,2569,Silk
1281.jpg,white,60%,White Shirt,1775,2260,Polyester
1282.jpg,white,92%,White Shirt,2914,3216,Cotton
1283.jpg,gray,77%,Gray Shirt,1886,2592,Silk
1284.jpg,white,80%,White Shirt,1797,2592,Denim
1285.jpg,unknown,69%,Stylish Shirt,2132,2864,Polyester
1286.jpg,white,44%,White Shirt,2608,2918,Cotton
1287.jpg,unknown,44%,Stylish Shirt,2697,3478,Polyester
1288.jpg,black,81%,Black Shirt,2160,2844,Denim
1289.jpg,white,58%,White Shirt,2365,3022,Wool
129.jpg,unknown,61%,Stylish Shirt,2229,2583,Linen
1290.jpg,white,56%,White Shirt,2050,2443,Polyester
1291.jpg,unknown,80%,Stylish Shirt,2869,3640,Wool
1292.jpg,white,44%,White Shirt,2300,3084,Polyester
1293.jpg,gray,48%,Gray Shirt,2091,2506,Polyester
1294.jpg,black,83%,Black Shirt,2568,2991,Wool
1295.jpg,black,80%,Black Shirt,2185,2695,Wool
1296.jpg,black,80%,Black Shirt,1637,2161,Cotton
1297.jpg,gray,47%,Gray Shirt,2990,3408,Wool
1298.jpg,black,72%,Black Shirt,2854,3288,Wool
1299.jpg,gray,81%,Gray Shirt,2643,3374,Denim
13.jpg,white,42%,White Shirt,1901,2558,Polyester
130.jpg,unknown,42%,Stylish Shirt,2178,2658,Linen
1300.jpg,white,49%,White Shirt,2016,2539,Linen
1301.jpg,unknown,57%,Stylish Shirt,2639,3391,Wool
1302.jpg,gray,81%,Gray Shirt,2144,2595,Polyester
1303.jpg,gray,66%,Gray Shirt,2541,3099,Linen
1304.jpg,green,49%,Green Shirt,1657,2042,Wool
1305.jpg,black,73%,Black Shirt,2382,3111,Polyester
1306.jpg,blue,43%,Blue Shirt,2990,3318,Wool
1307.jpg,black,55%,Black Shirt,2544,3144,Linen
1308.jpg,white,92%,White Shirt,2050,2588,Linen
1309.jpg,white,58%,White Shirt,1978,2632,Denim
131.jpg,black,51%,Black Shirt,1539,1851,Denim
1310.jpg,yellow,79%,Yellow Shirt,2535,2995,Silk
1311.jpg,white,75%,White Shirt,2412,2749,Wool
1312.jpg,white,64%,White Shirt,2218,2766,Linen
1313.jpg,yellow,78%,Yellow Shirt,1732,2247,Silk
1314.jpg,white,57%,White Shirt,1892,2467,Wool
1315.jpg,white,66%,White Shirt,2491,2927,Wool
1316.jpg,unknown,69%,Stylish Shirt,1885,2587,Cotton
1317.jpg,gray,60%,Gray Shirt,1930,2488,Linen
1318.jpg,blue,78%,Blue Shirt,2604,3118,Denim
1319.jpg,black,76%,Black Shirt,1818,2539,Silk
132.jpg,unknown,51%,Stylish Shirt,2812,3382,Silk
1320.jpg,white,48%,White Shirt,2761,3448,Silk
1321.jpg,white,36%,White Shirt,2880,3536,Wool
1322.jpg,white,52%,White Shirt,2568,2952,Silk
1323.jpg,white,45%,White Shirt,2984,3331,Denim
1324.jpg,white,49%,White Shirt,1714,2127,Silk
1325.jpg,unknown,76%,Stylish Shirt,2869,3208,Wool
1326.jpg,white,43%,White Shirt,1752,2147,Wool
1327.jpg,gray,41%,Gray Shirt,1979,2440,Silk
1328.jpg,gray,77%,Gray Shirt,2124,2527,Wool
1329.jpg,white,41%,White Shirt,2474,2850,Silk
133.jpg,unknown,42%,Stylish Shirt,1913,2698,Denim
1330.jpg,black,75%,Black Shirt,1752,2160,Cotton
1331.jpg,black,78%,Black Shirt,1979,2599,Silk
1332.jpg,black,81%,Black Shirt,2529,2960,Cotton
1333.jpg,blue,77%,Blue Shirt,2573,3297,Linen
1334.jpg,unknown,78%,Stylish Shirt,2444,2885,Denim
1335.jpg,black,79%,Black Shirt,2931,3729,Wool
1336.jpg,black,74%,Black Shirt,1500,2161,Cotton
1337.jpg,white,48%,White Shirt,1585,2352,Wool
1338.jpg,white,44%,White Shirt,2902,3390,Denim
1339.jpg,black,72%,Black Shirt,2664,3335,Linen
134.jpg,unknown,66%,Stylish Shirt,2360,2852,Linen
1340.jpg,unknown,47%,Stylish Shirt,2821,3597,Wool
1341.jpg,unknown,80%,Stylish Shirt,2806,3228,Wool
1342.jpg,white,36%,White Shirt,2319,2699,Polyester
1343.jpg,unknown,82%,Stylish Shirt,2347,2999,Wool
1344.jpg,gray,79%,Gray Shirt,1789,2577,Denim
1345.jpg,gray,80%,Gray Shirt,2663,3393,Cotton
1346.jpg,blue,78%,Blue Shirt,1664,2422,Denim
1347.jpg,white,43%,White Shirt,1644,2306,Silk
1348.jpg,white,80%,White Shirt,2816,3116,Wool
1349.jpg,gray,78%,Gray Shirt,2174,2561,Wool
135.jpg,black,65%,Black Shirt,2485,3269,Linen
1350.jpg,white,49%,White Shirt,1572,2299,Linen
1351.jpg,white,92%,White Shirt,1886,2561,Polyester
1352.jpg,black,70%,Black Shirt,1683,2356,Denim
1353.jpg,white,58%,White Shirt,2408,3182,Linen
1354.jpg,black,78%,Black Shirt,2779,3224,Polyester
1355.jpg,black,76%,Black Shirt,2991,3394,Silk
1356.jpg,black,76%,Black Shirt,2190,2967,Cotton
1357.jpg,black,76%,Black Shirt,1730,2459,Silk
1358.jpg,white,44%,White Shirt,1599,2398,Denim
1359.jpg,white,76%,White Shirt,1839,2583,Silk
136.jpg,gray,44%,Gray Shirt,2273,2669,Cotton
1360.jpg,black,81%,Black Shirt,2925,3725,Silk
1361.jpg,black,71%,Black Shirt,2061,2697,Silk
1362.jpg,white,91%,White Shirt,2090,2537,Polyester
1363.jpg,gray,79%,Gray Shirt,2489,3136,Wool
1364.jpg,gray,58%,Gray Shirt,1684,2345,Linen
1365.jpg,blue,76%,Blue Shirt,2509,3193,Wool
1366.jpg,black,69%,Black Shirt,2246,2884,Polyester
1367.jpg,white,67%,White Shirt,2576,3211,Linen
1368.jpg,unknown,75%,Stylish Shirt,1974,2566,Silk
1369.jpg,white,84%,White Shirt,1508,2231,Linen
137.jpg,black,54%,Black Shirt,2472,3013,Cotton
1370.jpg,blue,83%,Blue Shirt,1651,2016,Cotton
1371.jpg,black,70%,Black Shirt,2510,3120,Polyester
1372.jpg,gray,83%,Gray Shirt,1614,2003,Silk
1373.jpg,black,73%,Black Shirt,2523,3095,Linen
1374.jpg,unknown,79%,Stylish Shirt,2102,2890,Denim
1375.jpg,blue,87%,Blue Shirt,2529,3043,Denim
1376.jpg,unknown,58%,Stylish Shirt,2457,3050,Polyester
1377.jpg,gray,75%,Gray Shirt,2329,2704,Wool
1378.jpg,unknown,88%,Stylish Shirt,2321,3030,Cotton
1379.jpg,blue,78%,Blue Shirt,1536,2333,Silk
138.jpg,unknown,51%,Stylish Shirt,1982,2544,Silk
1380.jpg,gray,47%,Gray Shirt,1711,2192,Denim
1381.jpg,white,55%,White Shirt,2491,2953,Cotton
1382.jpg,green,48%,Green Shirt,1676,2003,Wool
1383.jpg,brown,82%,Brown Shirt,1627,2278,Polyester
1384.jpg,black,81%,Black Shirt,1663,2267,Denim
1385.jpg,black,80%,Black Shirt,1517,2026,Wool
1386.jpg,white,63%,White Shirt,2848,3371,Polyester
1387.jpg,unknown,84%,Stylish Shirt,1817,2247,Cotton
1388.jpg,gray,82%,Gray Shirt,2982,3742,Wool
1389.jpg,gray,68%,Gray Shirt,1521,1928,Wool
139.jpg,white,54%,White Shirt,1789,2366,Linen
1390.jpg,pink,76%,Pink Shirt,1616,2400,Polyester
1391.jpg,blue,81%,Blue Shirt,2476,2847,Denim
1392.jpg,gray,80%,Gray Shirt,2576,3174,Linen
1393.jpg,white,46%,White Shirt,2249,2619,Denim
1394.jpg,white,50%,White Shirt,2035,2701,Linen
1395.jpg,gray,83%,Gray Shirt,2703,3266,Polyester
1396.jpg,black,79%,Black Shirt,2171,2800,Silk
1397.jpg,black,74%,Black Shirt,2389,2796,Cotton
1398.jpg,white,53%,White Shirt,2883,3314,Wool
1399.jpg,blue,80%,Blue Shirt,1582,1956,Polyester
14.jpg,black,59%,Black Shirt,1779,2578,Polyester
140.jpg,black,83%,Black Shirt,2865,3165,Wool
1400.jpg,blue,82%,Blue Shirt,1724,2510,Polyester
1401.jpg,black,79%,Black Shirt,1620,2294,Cotton
1402.jpg,white,96%,White Shirt,1944,2728,Silk
1403.jpg,black,82%,Black Shirt,2573,3068,Silk
1404.jpg,white,62%,White Shirt,2630,3321,Wool
1405.jpg,black,75%,Black Shirt,2117,2757,Denim
1406.jpg,gray,78%,Gray Shirt,1985,2783,Wool
1407.jpg,gray,76%,Gray Shirt,2539,3279,Denim
1408.jpg,gray,82%,Gray Shirt,2431,3166,Polyester
1409.jpg,gray,80%,Gray Shirt,2056,2765,Cotton
141.jpg,blue,69%,Blue Shirt,1700,2055,Denim
1410.jpg,gray,42%,Gray Shirt,2771,3238,Polyester
1411.jpg,white,47%,White Shirt,2312,2902,Wool
1412.jpg,white,73%,White Shirt,1831,2206,Denim
1413.jpg,white,51%,White Shirt,2459,2894,Wool
1414.jpg,black,75%,Black Shirt,1876,2434,Linen
1415.jpg,gray,48%,Gray Shirt,1550,2199,Linen
1416.jpg,gray,59%,Gray Shirt,1986,2764,Silk
1417.jpg,gray,42%,Gray Shirt,2309,2639,Cotton
1418.jpg,white,54%,White Shirt,1773,2089,Linen
1419.jpg,white,60%,White Shirt,1929,2621,Denim
142.jpg,black,74%,Black Shirt,2594,2978,Cotton
1420.jpg,black,80%,Black Shirt,2274,2851,Denim
1421.jpg,gray,44%,Gray Shirt,1745,2273,Denim
1422.jpg,gray,79%,Gray Shirt,2304,2801,Denim
1423.jpg,unknown,76%,Stylish Shirt,2188,2781,Denim
1424.jpg,black,78%,Black Shirt,2812,3566,Denim
1425.jpg,blue,80%,Blue Shirt,1910,2402,Linen
1426.jpg,black,78%,Black Shirt,2609,3051,Wool
1427.jpg,black,76%,Black Shirt,2778,3079,Wool
1428.jpg,black,81%,Black Shirt,2022,2368,Denim
1429.jpg,black,81%,Black Shirt,1640,2263,Silk
143.jpg,gray,69%,Gray Shirt,2043,2760,Wool
1430.jpg,white,46%,White Shirt,2933,3462,Silk
1431.jpg,black,81%,Black Shirt,1620,2237,Denim
1432.jpg,black,71%,Black Shirt,2580,3179,Linen
1433.jpg,white,61%,White Shirt,1905,2320,Denim
1434.jpg,black,77%,Black Shirt,2456,3124,Denim
1435.jpg,unknown,82%,Stylish Shirt,1677,2148,Polyester
1436.jpg,white,60%,White Shirt,2109,2521,Linen
1437.jpg,white,96%,White Shirt,2050,2753,Linen
1438.jpg,unknown,82%,Stylish Shirt,2788,3353,Silk
1439.jpg,blue,78%,Blue Shirt,1624,1972,Denim
144.jpg,black,72%,Black Shirt,2245,2630,Polyester
1440.jpg,unknown,77%,Stylish Shirt,2833,3363,Linen
1441.jpg,white,37%,White Shirt,2054,2790,Polyester
1442.jpg,gray,62%,Gray Shirt,2740,3351,Linen
1443.jpg,blue,79%,Blue Shirt,1782,2315,Wool
1444.jpg,unknown,77%,Stylish Shirt,2962,3277,Silk
1445.jpg,white,88%,White Shirt,2810,3224,Cotton
1446.jpg,white,76%,White Shirt,2093,2804,Polyester
1447.jpg,black,77%,Black Shirt,2023,2371,Wool
1448.jpg,black,76%,Black Shirt,2491,2855,Denim
1449.jpg,black,78%,Black Shirt,1951,2305,Linen
145.jpg,white,59%,White Shirt,2460,3067,Polyester
1450.jpg,white,61%,White Shirt,2143,2721,Silk
1451.jpg,unknown,78%,Stylish Shirt,1806,2159,Cotton
1452.jpg,white,51%,White Shirt,2818,3566,Polyester
1453.jpg,gray,78%,Gray Shirt,1819,2594,Silk
1454.jpg,gray,42%,Gray Shirt,2347,2972,Wool
1455.jpg,black,69%,Black Shirt,1866,2233,Polyester
1456.jpg,white,91%,White Shirt,2562,2964,Cotton
1457.jpg,white,60%,White Shirt,2915,3564,Polyester
1458.jpg,unknown,81%,Stylish Shirt,2734,3204,Wool
1459.jpg,black,76%,Black Shirt,2561,3199,Wool
146.jpg,yellow,86%,Yellow Shirt,2058,2552,Wool
1460.jpg,blue,78%,Blue Shirt,1980,2439,Polyester
1461.jpg,black,71%,Black Shirt,2225,2814,Silk
1462.jpg,white,50%,White Shirt,2187,2858,Silk
1463.jpg,black,79%,Black Shirt,2258,2654,Cotton
1464.jpg,black,74%,Black Shirt,2439,3168,Denim
1465.jpg,gray,44%,Gray Shirt,2278,2918,Polyester
1466.jpg,white,55%,White Shirt,2916,3439,Wool
1467.jpg,white,56%,White Shirt,1979,2306,Silk
1468.jpg,white,48%,White Shirt,2231,2787,Denim
1469.jpg,blue,73%,Blue Shirt,1982,2617,Polyester
147.jpg,white,69%,White Shirt,2571,3002,Silk
1470.jpg,yellow,81%,Yellow Shirt,2081,2714,Silk
1471.jpg,gray,38%,Gray Shirt,1891,2622,Silk
1472.jpg,gray,71%,Gray Shirt,1829,2509,Cotton
1473.jpg,gray,72%,Gray Shirt,1938,2293,Linen
1474.jpg,unknown,79%,Stylish Shirt,1710,2085,Wool
1475.jpg,white,36%,White Shirt,2507,3106,Polyester
1476.jpg,unknown,84%,Stylish Shirt,2321,2911,Cotton
1477.jpg,blue,78%,Blue Shirt,1840,2527,Polyester
1478.jpg,black,69%,Black Shirt,1935,2642,Denim
1479.jpg,white,94%,White Shirt,2337,3053,Cotton
148.jpg,white,51%,White Shirt,2230,2718,Linen
1480.jpg,white,56%,White Shirt,2724,3100,Polyester
1481.jpg,gray,77%,Gray Shirt,1552,1984,Linen
1482.jpg,unknown,80%,Stylish Shirt,1660,2163,Cotton
1483.jpg,white,94%,White Shirt,2446,3057,Denim
1484.jpg,white,62%,White Shirt,2398,2714,Cotton
1485.jpg,white,61%,White Shirt,2854,3197,Denim
1486.jpg,white,60%,White Shirt,2391,2781,Linen
1487.jpg,gray,40%,Gray Shirt,1719,2510,Silk
1488.jpg,white,56%,White Shirt,1963,2562,Denim
1489.jpg,white,50%,White Shirt,1775,2182,Denim
149.jpg,white,50%,White Shirt,2702,3496,Polyester
1490.jpg,yellow,78%,Yellow Shirt,2996,3794,Silk
1491.jpg,gray,45%,Gray Shirt,2254,2766,Denim
1492.jpg,black,76%,Black Shirt,2404,2897,Silk
1493.jpg,gray,45%,Gray Shirt,2923,3461,Polyester
1494.jpg,white,86%,White Shirt,2362,2799,Wool
1495.jpg,black,80%,Black Shirt,2104,2492,Wool
1496.jpg,black,84%,Black Shirt,2155,2582,Denim
1497.jpg,black,85%,Black Shirt,2392,3171,Wool
1498.jpg,unknown,78%,Stylish Shirt,1578,2103,Denim
1499.jpg,white,60%,White Shirt,1582,2002,Silk
15.jpg,black,75%,Black Shirt,2407,2747,Polyester
150.jpg,black,60%,Black Shirt,2551,3221,Wool
1500.jpg,black,83%,Black Shirt,2584,3109,Wool
1501.jpg,white,40%,White Shirt,2219,2984,Wool
1502.jpg,white,47%,White Shirt,2972,3612,Denim
1503.jpg,white,57%,White Shirt,2266,2704,Linen
1504.jpg,white,39%,White Shirt,1741,2324,Polyester
1505.jpg,white,42%,White Shirt,1620,2267,Polyester
1506.jpg,white,75%,White Shirt,1947,2698,Silk
1507.jpg,white,97%,White Shirt,2045,2458,Cotton
1508.jpg,white,40%,White Shirt,1872,2447,Cotton
1509.jpg,white,48%,White Shirt,2479,3012,Cotton
151.jpg,white,43%,White Shirt,2811,3264,Polyester
1510.jpg,gray,79%,Gray Shirt,2049,2691,Cotton
1511.jpg,white,80%,White Shirt,2768,3552,Wool
1512.jpg,gray,77%,Gray Shirt,2554,3325,Denim
1513.jpg,black,72%,Black Shirt,2429,3229,Cotton
1514.jpg,white,46%,White Shirt,2173,2810,Wool
1515.jpg,blue,79%,Blue Shirt,2564,3301,Wool
1516.jpg,unknown,70%,Stylish Shirt,2829,3606,Linen
1517.jpg,unknown,50%,Stylish Shirt,1652,2353,Silk
1518.jpg,white,74%,White Shirt,2646,3283,Wool
1519.jpg,gray,46%,Gray Shirt,2329,2821,Denim
152.jpg,white,56%,White Shirt,1891,2642,Linen
1520.jpg,black,73%,Black Shirt,1900,2218,Polyester
1521.jpg,blue,78%,Blue Shirt,2400,2906,Linen
1522.jpg,blue,84%,Blue Shirt,2291,2915,Polyester
1523.jpg,black,81%,Black Shirt,2044,2531,Silk
1524.jpg,blue,82%,Blue Shirt,2685,3404,Silk
1525.jpg,blue,45%,Blue Shirt,1512,2206,Wool
1526.jpg,black,77%,Black Shirt,2047,2724,Linen
1527.jpg,yellow,72%,Yellow Shirt,1619,2057,Denim
1528.jpg,unknown,82%,Stylish Shirt,1699,2389,Wool
1529.jpg,white,61%,White Shirt,2885,3244,Silk
153.jpg,white,56%,White Shirt,1837,2145,Cotton
1530.jpg,white,62%,White Shirt,2185,2842,Wool
1531.jpg,white,63%,White Shirt,2882,3680,Wool
1532.jpg,black,76%,Black Shirt,1596,2064,Silk
1533.jpg,white,62%,White Shirt,1928,2247,Silk
1534.jpg,blue,78%,Blue Shirt,1908,2673,Linen
1535.jpg,black,81%,Black Shirt,1997,2586,Wool
1536.jpg,blue,79%,Blue Shirt,2262,2600,Wool
1537.jpg,white,61%,White Shirt,2639,3011,Wool
1538.jpg,gray,48%,Gray Shirt,2707,3503,Polyester
1539.jpg,white,49%,White Shirt,2115,2433,Wool
154.jpg,black,67%,Black Shirt,2035,2346,Wool
1540.jpg,blue,54%,Blue Shirt,1581,1940,Silk
1541.jpg,blue,77%,Blue Shirt,1969,2664,Denim
1542.jpg,white,63%,White Shirt,2562,3004,Linen
1543.jpg,white,39%,White Shirt,1998,2767,Linen
1544.jpg,white,54%,White Shirt,2539,3293,Denim
1545.jpg,black,71%,Black Shirt,2184,2521,Cotton
1546.jpg,blue,76%,Blue Shirt,2264,2751,Cotton
1547.jpg,black,77%,Black Shirt,2711,3223,Denim
1548.jpg,black,76%,Black Shirt,1521,2055,Denim
1549.jpg,gray,53%,Gray Shirt,2517,3275,Cotton
155.jpg,unknown,36%,Stylish Shirt,1996,2793,Silk
1550.jpg,black,77%,Black Shirt,1883,2536,Silk
1551.jpg,black,80%,Black Shirt,2865,3351,Silk
1552.jpg,black,64%,Black Shirt,1804,2428,Linen
1553.jpg,black,48%,Black Shirt,2991,3422,Silk
1554.jpg,black,74%,Black Shirt,2147,2725,Cotton
1555.jpg,gray,45%,Gray Shirt,2918,3421,Cotton
1556.jpg,black,78%,Black Shirt,2082,2763,Cotton
1557.jpg,black,79%,Black Shirt,2241,2802,Wool
1558.jpg,unknown,80%,Stylish Shirt,2535,3195,Silk
1559.jpg,blue,80%,Blue Shirt,2165,2629,Denim
156.jpg,black,39%,Black Shirt,1825,2348,Denim
1560.jpg,black,73%,Black Shirt,2441,2950,Silk
1561.jpg,blue,78%,Blue Shirt,1691,2152,Wool
1562.jpg,white,78%,White Shirt,1944,2506,Linen
1563.jpg,unknown,77%,Stylish Shirt,2634,3354,Denim
1564.jpg,white,57%,White Shirt,2383,3083,Silk
1565.jpg,white,51%,White Shirt,1631,2390,Silk
1566.jpg,unknown,80%,Stylish Shirt,1697,2261,Silk
1567.jpg,unknown,46%,Stylish Shirt,1819,2543,Wool
1568.jpg,unknown,78%,Stylish Shirt,2359,2697,Denim
1569.jpg,black,81%,Black Shirt,1682,2326,Linen
157.jpg,gray,64%,Gray Shirt,2308,3026,Polyester
1570.jpg,black,72%,Black Shirt,1640,2388,Linen
1571.jpg,unknown,47%,Stylish Shirt,1514,2164,Polyester
1572.jpg,white,52%,White Shirt,1922,2531,Denim
1573.jpg,gray,80%,Gray Shirt,2145,2945,Silk
1574.jpg,gray,80%,Gray Shirt,2081,2720,Denim
1575.jpg,white,38%,White Shirt,2395,3183,Cotton
1576.jpg,white,48%,White Shirt,2844,3457,Linen
1577.jpg,yellow,37%,Yellow Shirt,2839,3480,Silk
1578.jpg,blue,76%,Blue Shirt,1898,2295,Denim
1579.jpg,blue,78%,Blue Shirt,2950,3354,Linen
158.jpg,black,53%,Black Shirt,1785,2455,Denim
1580.jpg,white,50%,White Shirt,2600,3186,Linen
1581.jpg,unknown,79%,Stylish Shirt,2988,3573,Polyester
1582.jpg,black,73%,Black Shirt,2534,3167,Denim
1583.jpg,white,59%,White Shirt,2965,3503,Linen
1584.jpg,blue,77%,Blue Shirt,1756,2056,Cotton
1585.jpg,unknown,78%,Stylish Shirt,2941,3307,Linen
1586.jpg,blue,75%,Blue Shirt,2185,2655,Linen
1587.jpg,gray,76%,Gray Shirt,2600,3321,Denim
1588.jpg,unknown,75%,Stylish Shirt,1953,2390,Wool
1589.jpg,white,62%,White Shirt,2945,3734,Silk
159.jpg,black,54%,Black Shirt,2255,2659,Cotton
1590.jpg,unknown,47%,Stylish Shirt,2365,2779,Cotton
1591.jpg,white,58%,White Shirt,2881,3206,Linen
1592.jpg,white,39%,White Shirt,2401,2731,Linen
1593.jpg,black,78%,Black Shirt,2193,2531,Silk
1594.jpg,blue,79%,Blue Shirt,2708,3472,Wool
1595.jpg,unknown,80%,Stylish Shirt,2818,3164,Polyester
1596.jpg,white,62%,White Shirt,1733,2390,Linen
1597.jpg,blue,47%,Blue Shirt,1779,2488,Denim
1598.jpg,black,79%,Black Shirt,2155,2764,Polyester
1599.jpg,white,55%,White Shirt,1860,2298,Polyester
16.jpg,gray,66%,Gray Shirt,1512,1880,Silk
160.jpg,unknown,50%,Stylish Shirt,1727,2296,Cotton
1600.jpg,white,53%,White Shirt,2664,3370,Cotton
1601.jpg,gray,52%,Gray Shirt,2572,2905,Cotton
1602.jpg,blue,77%,Blue Shirt,2880,3317,Denim
1603.jpg,black,79%,Black Shirt,2828,3419,Silk
1604.jpg,gray,79%,Gray Shirt,1829,2448,Denim
1605.jpg,black,75%,Black Shirt,2919,3394,Denim
1606.jpg,white,45%,White Shirt,2458,3047,Denim
1607.jpg,white,74%,White Shirt,2694,3185,Cotton
1608.jpg,black,81%,Black Shirt,1520,2234,Linen
1609.jpg,blue,77%,Blue Shirt,2968,3717,Linen
161.jpg,white,53%,White Shirt,2949,3460,Wool
1610.jpg,unknown,80%,Stylish Shirt,1644,1978,Denim
1611.jpg,white,35%,White Shirt,1532,1948,Cotton
1612.jpg,gray,56%,Gray Shirt,1873,2600,Cotton
1613.jpg,gray,82%,Gray Shirt,1818,2551,Silk
1614.jpg,blue,57%,Blue Shirt,2862,3613,Cotton
1615.jpg,black,75%,Black Shirt,1599,2391,Polyester
1616.jpg,blue,78%,Blue Shirt,1802,2473,Linen
1617.jpg,white,35%,White Shirt,2111,2427,Cotton
1618.jpg,black,78%,Black Shirt,2710,3250,Cotton
1619.jpg,gray,77%,Gray Shirt,2664,3353,Wool
162.jpg,white,62%,White Shirt,2059,2744,Silk
1620.jpg,white,74%,White Shirt,1835,2166,Silk
1621.jpg,white,50%,White Shirt,2092,2549,Polyester
1622.jpg,gray,52%,Gray Shirt,2400,2896,Wool
1623.jpg,white,61%,White Shirt,2704,3053,Linen
1624.jpg,unknown,79%,Stylish Shirt,2512,2882,Polyester
1625.jpg,white,61%,White Shirt,1595,2112,Linen
1626.jpg,white,97%,White Shirt,2858,3548,Silk
1627.jpg,unknown,78%,Stylish Shirt,2662,3221,Wool
1628.jpg,white,60%,White Shirt,2434,3098,Cotton
1629.jpg,black,81%,Black Shirt,2597,3144,Cotton
163.jpg,white,50%,White Shirt,2085,2712,Cotton
1630.jpg,unknown,78%,Stylish Shirt,2575,3077,Cotton
1631.jpg,pink,59%,Pink Shirt,2487,3083,Wool
1632.jpg,white,59%,White Shirt,2369,2795,Wool
1633.jpg,blue,74%,Blue Shirt,2294,2998,Silk
1634.jpg,black,79%,Black Shirt,2312,2677,Polyester
1635.jpg,green,73%,Green Shirt,2238,2635,Silk
1636.jpg,white,45%,White Shirt,2086,2542,Linen
1637.jpg,unknown,78%,Stylish Shirt,1696,2358,Silk
1638.jpg,white,58%,White Shirt,1614,1949,Linen
1639.jpg,blue,76%,Blue Shirt,2034,2750,Wool
164.jpg,unknown,84%,Stylish Shirt,2364,3160,Linen
1640.jpg,blue,80%,Blue Shirt,2772,3257,Polyester
1641.jpg,white,77%,White Shirt,2910,3463,Polyester
1642.jpg,green,48%,Green Shirt,2726,3350,Silk
1643.jpg,white,52%,White Shirt,2718,3102,Denim
1644.jpg,unknown,80%,Stylish Shirt,1676,2163,Wool
1645.jpg,white,84%,White Shirt,1510,2004,Linen
1646.jpg,unknown,41%,Stylish Shirt,1860,2544,Wool
1647.jpg,white,58%,White Shirt,1789,2186,Cotton
1648.jpg,white,46%,White Shirt,1979,2638,Polyester
1649.jpg,unknown,70%,Stylish Shirt,2416,2905,Linen
165.jpg,white,47%,White Shirt,2412,2930,Polyester
1650.jpg,blue,82%,Blue Shirt,1697,2167,Cotton
1651.jpg,black,80%,Black Shirt,1808,2168,Cotton
1652.jpg,blue,84%,Blue Shirt,2141,2821,Wool
1653.jpg,white,55%,White Shirt,2894,3335,Denim
1654.jpg,white,64%,White Shirt,1502,2076,Silk
1655.jpg,white,47%,White Shirt,2181,2946,Linen
1656.jpg,black,74%,Black Shirt,2338,2704,Linen
1657.jpg,white,58%,White Shirt,2667,3372,Polyester
1658.jpg,white,65%,White Shirt,1617,2082,Denim
1659.jpg,blue,77%,Blue Shirt,1755,2366,Polyester
166.jpg,white,49%,White Shirt,1764,2333,Wool
1660.jpg,gray,66%,Gray Shirt,1821,2585,Wool
1661.jpg,blue,78%,Blue Shirt,1963,2716,Linen
1662.jpg,white,93%,White Shirt,1846,2579,Cotton
1663.jpg,gray,82%,Gray Shirt,2776,3550,Silk
1664.jpg,black,78%,Black Shirt,1525,2261,Wool
1665.jpg,unknown,78%,Stylish Shirt,2899,3458,Polyester
1666.jpg,blue,64%,Blue Shirt,2318,3002,Linen
1667.jpg,white,39%,White Shirt,1718,2051,Linen
1668.jpg,white,40%,White Shirt,2083,2391,Cotton
1669.jpg,black,77%,Black Shirt,2390,2801,Polyester
167.jpg,black,39%,Black Shirt,2480,3118,Wool
1670.jpg,blue,71%,Blue Shirt,2472,3147,Polyester
1671.jpg,white,47%,White Shirt,2265,2670,Wool
1672.jpg,green,80%,Green Shirt,1786,2551,Cotton
1673.jpg,white,42%,White Shirt,2404,2787,Wool
1674.jpg,white,50%,White Shirt,2767,3424,Linen
1675.jpg,black,74%,Black Shirt,2260,2697,Linen
1676.jpg,black,75%,Black Shirt,2095,2476,Cotton
1677.jpg,black,77%,Black Shirt,2252,2962,Polyester
1678.jpg,white,77%,White Shirt,1690,2489,Polyester
1679.jpg,black,80%,Black Shirt,2495,3215,Denim
168.jpg,white,46%,White Shirt,2873,3198,Polyester
1680.jpg,unknown,80%,Stylish Shirt,2415,3103,Wool
1681.jpg,black,83%,Black Shirt,2426,2885,Linen
1682.jpg,gray,80%,Gray Shirt,1984,2570,Denim
1683.jpg,white,59%,White Shirt,2736,3314,Silk
1684.jpg,unknown,82%,Stylish Shirt,2327,3084,Linen
1685.jpg,blue,78%,Blue Shirt,1837,2176,Silk
1686.jpg,white,62%,White Shirt,2399,3163,Silk
1687.jpg,white,56%,White Shirt,1974,2478,Silk
1688.jpg,white,40%,White Shirt,1875,2296,Cotton
1689.jpg,black,77%,Black Shirt,1593,2339,Cotton
169.jpg,unknown,38%,Stylish Shirt,2415,3183,Linen
1690.jpg,white,47%,White Shirt,1872,2653,Polyester
1691.jpg,unknown,79%,Stylish Shirt,2562,3082,Linen
1692.jpg,black,72%,Black Shirt,2024,2540,Silk
1693.jpg,blue,78%,Blue Shirt,1761,2453,Denim
1694.jpg,white,50%,White Shirt,1847,2383,Denim
1695.jpg,black,76%,Black Shirt,2119,2493,Silk
1696.jpg,black,82%,Black Shirt,1962,2596,Wool
1697.jpg,unknown,81%,Stylish Shirt,1915,2505,Polyester
1698.jpg,unknown,78%,Stylish Shirt,2529,3136,Wool
1699.jpg,black,75%,Black Shirt,1820,2435,Polyester
17.jpg,gray,42%,Gray Shirt,1535,2305,Cotton
170.jpg,black,77%,Black Shirt,2281,2924,Polyester
1700.jpg,black,57%,Black Shirt,2758,3102,Linen
1701.jpg,gray,54%,Gray Shirt,2169,2964,Linen
1702.jpg,gray,78%,Gray Shirt,2337,3073,Cotton
1703.jpg,black,78%,Black Shirt,1842,2353,Denim
1704.jpg,black,62%,Black Shirt,1645,2102,Linen
1705.jpg,black,78%,Black Shirt,1792,2442,Silk
1706.jpg,white,59%,White Shirt,2188,2963,Linen
1707.jpg,black,81%,Black Shirt,2788,3134,Polyester
1708.jpg,white,54%,White Shirt,2336,2758,Linen
1709.jpg,white,50%,White Shirt,1780,2107,Linen
171.jpg,white,52%,White Shirt,2526,3024,Polyester
1710.jpg,blue,80%,Blue Shirt,2227,2687,Wool
1711.jpg,black,82%,Black Shirt,2252,2735,Silk
1712.jpg,white,35%,White Shirt,2244,2930,Cotton
1713.jpg,unknown,80%,Stylish Shirt,2387,3136,Cotton
1714.jpg,white,48%,White Shirt,2607,3244,Wool
1715.jpg,black,79%,Black Shirt,2951,3661,Silk
1716.jpg,blue,78%,Blue Shirt,2582,3370,Polyester
1717.jpg,white,47%,White Shirt,1931,2442,Cotton
1718.jpg,white,65%,White Shirt,2056,2385,Wool
1719.jpg,black,78%,Black Shirt,1903,2389,Denim
172.jpg,white,46%,White Shirt,1781,2442,Silk
1720.jpg,white,63%,White Shirt,2502,3209,Linen
1721.jpg,white,57%,White Shirt,2241,2917,Polyester
1722.jpg,unknown,77%,Stylish Shirt,1942,2335,Denim
1723.jpg,black,77%,Black Shirt,2206,2820,Denim
1724.jpg,black,77%,Black Shirt,1556,1880,Linen
1725.jpg,white,60%,White Shirt,1765,2319,Linen
1726.jpg,gray,58%,Gray Shirt,2956,3652,Linen
1727.jpg,unknown,77%,Stylish Shirt,2660,3123,Cotton
1728.jpg,white,48%,White Shirt,1671,2438,Cotton
1729.jpg,pink,85%,Pink Shirt,1654,2188,Linen
173.jpg,white,60%,White Shirt,2117,2513,Wool
1730.jpg,black,79%,Black Shirt,2845,3631,Silk
1731.jpg,unknown,51%,Stylish Shirt,2582,3053,Cotton
1732.jpg,black,81%,Black Shirt,1902,2398,Cotton
1733.jpg,white,63%,White Shirt,2373,2975,Linen
1734.jpg,blue,78%,Blue Shirt,2858,3533,Polyester
1735.jpg,black,78%,Black Shirt,2584,3284,Cotton
1736.jpg,unknown,47%,Stylish Shirt,1590,2056,Linen
1737.jpg,white,55%,White Shirt,1932,2702,Linen
1738.jpg,blue,78%,Blue Shirt,2156,2538,Linen
1739.jpg,white,46%,White Shirt,2588,3279,Silk
174.jpg,black,42%,Black Shirt,2071,2643,Polyester
1740.jpg,white,40%,White Shirt,2908,3472,Linen
1741.jpg,unknown,75%,Stylish Shirt,2047,2766,Wool
1742.jpg,black,76%,Black Shirt,1963,2615,Silk
1743.jpg,white,91%,White Shirt,1537,2258,Polyester
1744.jpg,blue,46%,Blue Shirt,2427,2779,Denim
1745.jpg,white,82%,White Shirt,2932,3521,Cotton
1746.jpg,black,78%,Black Shirt,1669,2264,Linen
1747.jpg,white,60%,White Shirt,2363,3004,Polyester
1748.jpg,white,39%,White Shirt,1982,2478,Denim
1749.jpg,black,85%,Black Shirt,2698,3208,Silk
175.jpg,white,68%,White Shirt,1915,2667,Denim
1750.jpg,white,40%,White Shirt,2388,2727,Linen
1751.jpg,white,57%,White Shirt,2576,3195,Cotton
1752.jpg,white,98%,White Shirt,1788,2398,Denim
1753.jpg,unknown,76%,Stylish Shirt,1636,1978,Wool
1754.jpg,black,76%,Black Shirt,2475,3107,Silk
1755.jpg,blue,81%,Blue Shirt,1877,2575,Silk
1756.jpg,black,77%,Black Shirt,2092,2438,Silk
1757.jpg,unknown,80%,Stylish Shirt,2539,3277,Cotton
1758.jpg,red,79%,Red Shirt,1933,2281,Wool
1759.jpg,white,35%,White Shirt,2771,3282,Polyester
176.jpg,gray,61%,Gray Shirt,1975,2385,Linen
1760.jpg,white,61%,White Shirt,1931,2546,Denim
1761.jpg,white,37%,White Shirt,1546,2255,Polyester
1762.jpg,white,77%,White Shirt,2625,3412,Denim
1763.jpg,black,76%,Black Shirt,2321,2932,Cotton
1764.jpg,gray,42%,Gray Shirt,1944,2532,Cotton
1765.jpg,white,94%,White Shirt,2479,3213,Polyester
1766.jpg,unknown,77%,Stylish Shirt,1696,2000,Linen
1767.jpg,green,80%,Green Shirt,1953,2380,Polyester
1768.jpg,gray,83%,Gray Shirt,2038,2437,Denim
1769.jpg,gray,79%,Gray Shirt,2038,2453,Polyester
177.jpg,gray,54%,Gray Shirt,2140,2654,Linen
1770.jpg,black,66%,Black Shirt,2572,3181,Polyester
1771.jpg,white,49%,White Shirt,1963,2411,Cotton
1772.jpg,blue,81%,Blue Shirt,2176,2891,Silk
1773.jpg,white,45%,White Shirt,1939,2348,Silk
1774.jpg,white,54%,White Shirt,1991,2750,Denim
1775.jpg,gray,81%,Gray Shirt,1806,2368,Polyester
1776.jpg,blue,82%,Blue Shirt,2456,3046,Cotton
1777.jpg,white,37%,White Shirt,2292,2760,Silk
1778.jpg,white,51%,White Shirt,2330,2825,Linen
1779.jpg,gray,62%,Gray Shirt,1848,2196,Denim
178.jpg,white,56%,White Shirt,2101,2608,Polyester
1780.jpg,white,87%,White Shirt,2196,2881,Denim
1781.jpg,white,57%,White Shirt,1856,2527,Denim
1782.jpg,black,71%,Black Shirt,1541,2057,Silk
1783.jpg,green,40%,Green Shirt,2927,3408,Denim
1784.jpg,white,50%,White Shirt,2655,3175,Linen
1785.jpg,black,74%,Black Shirt,2100,2692,Denim
1786.jpg,blue,81%,Blue Shirt,1675,2017,Wool
1787.jpg,white,64%,White Shirt,1740,2280,Linen
1788.jpg,white,54%,White Shirt,1500,2078,Linen
1789.jpg,black,79%,Black Shirt,2859,3201,Polyester
179.jpg,white,80%,White Shirt,1767,2440,Linen
1790.jpg,white,60%,White Shirt,2750,3229,Wool
1791.jpg,gray,45%,Gray Shirt,2167,2531,Cotton
1792.jpg,unknown,78%,Stylish Shirt,1979,2656,Wool
1793.jpg,gray,77%,Gray Shirt,2761,3133,Silk
1794.jpg,gray,42%,Gray Shirt,2123,2687,Polyester
1795.jpg,red,77%,Red Shirt,1599,2316,Wool
1796.jpg,unknown,53%,Stylish Shirt,2195,2593,Silk
1797.jpg,white,79%,White Shirt,2962,3449,Polyester
1798.jpg,green,45%,Green Shirt,2858,3184,Denim
1799.jpg,white,51%,White Shirt,1908,2670,Silk
18.jpg,black,67%,Black Shirt,2080,2866,Denim
180.jpg,unknown,38%,Stylish Shirt,1543,2187,Wool
1800.jpg,unknown,45%,Stylish Shirt,2818,3494,Silk
1801.jpg,white,47%,White Shirt,2008,2784,Cotton
1802.jpg,white,48%,White Shirt,2357,2947,Cotton
1803.jpg,unknown,42%,Stylish Shirt,2592,3007,Silk
1804.jpg,blue,77%,Blue Shirt,1752,2476,Linen
1805.jpg,white,80%,White Shirt,1821,2317,Linen
1806.jpg,white,46%,White Shirt,2933,3285,Linen
1807.jpg,white,70%,White Shirt,1669,2101,Cotton
1808.jpg,blue,78%,Blue Shirt,1768,2490,Polyester
1809.jpg,gray,71%,Gray Shirt,2872,3434,Wool
181.jpg,gray,45%,Gray Shirt,1668,2112,Denim
1810.jpg,unknown,54%,Stylish Shirt,2108,2653,Cotton
1811.jpg,unknown,80%,Stylish Shirt,1953,2393,Polyester
1812.jpg,gray,79%,Gray Shirt,1621,2203,Denim
1813.jpg,white,40%,White Shirt,2581,2968,Polyester
1814.jpg,gray,54%,Gray Shirt,2301,2658,Wool
1815.jpg,black,69%,Black Shirt,1955,2530,Polyester
1816.jpg,gray,59%,Gray Shirt,1725,2444,Cotton
1817.jpg,blue,78%,Blue Shirt,2861,3411,Cotton
1818.jpg,blue,81%,Blue Shirt,2992,3335,Linen
1819.jpg,white,53%,White Shirt,2617,3296,Polyester
182.jpg,pink,61%,Pink Shirt,1845,2340,Cotton
1820.jpg,white,52%,White Shirt,2525,3314,Linen
1821.jpg,white,49%,White Shirt,2286,2846,Linen
1822.jpg,gray,43%,Gray Shirt,2645,3085,Silk
1823.jpg,gray,45%,Gray Shirt,2932,3455,Denim
1824.jpg,unknown,51%,Stylish Shirt,2633,3186,Silk
1825.jpg,gray,85%,Gray Shirt,1642,2326,Linen
1826.jpg,white,44%,White Shirt,2760,3225,Silk
1827.jpg,black,48%,Black Shirt,2266,2984,Wool
1828.jpg,unknown,58%,Stylish Shirt,2717,3049,Denim
1829.jpg,white,60%,White Shirt,1644,2095,Cotton
183.jpg,white,68%,White Shirt,2928,3354,Linen
1830.jpg,blue,73%,Blue Shirt,2255,2689,Wool
1831.jpg,gray,75%,Gray Shirt,1528,2294,Cotton
1832.jpg,pink,79%,Pink Shirt,1869,2506,Silk
1833.jpg,black,70%,Black Shirt,2976,3531,Polyester
1834.jpg,white,49%,White Shirt,2282,2591,Linen
1835.jpg,white,56%,White Shirt,2806,3153,Linen
1836.jpg,black,72%,Black Shirt,2518,2909,Silk
1837.jpg,white,53%,White Shirt,2892,3633,Linen
1838.jpg,black,73%,Black Shirt,2150,2626,Wool
1839.jpg,blue,76%,Blue Shirt,1758,2502,Silk
184.jpg,unknown,42%,Stylish Shirt,2807,3325,Polyester
1840.jpg,unknown,68%,Stylish Shirt,2402,3060,Wool
1841.jpg,gray,76%,Gray Shirt,1793,2360,Silk
1842.jpg,gray,76%,Gray Shirt,1566,1998,Silk
1843.jpg,white,64%,White Shirt,1863,2234,Linen
1844.jpg,blue,54%,Blue Shirt,1577,2076,Polyester
1845.jpg,gray,79%,Gray Shirt,2566,3246,Denim
1846.jpg,gray,52%,Gray Shirt,2884,3361,Polyester
1847.jpg,white,61%,White Shirt,2568,2962,Linen
1848.jpg,white,48%,White Shirt,2351,2888,Silk
1849.jpg,gray,58%,Gray Shirt,1655,2325,Linen
185.jpg,white,55%,White Shirt,1927,2716,Denim
1850.jpg,black,83%,Black Shirt,1772,2502,Cotton
1851.jpg,white,74%,White Shirt,1668,2314,Silk
1852.jpg,white,59%,White Shirt,2122,2684,Silk
1853.jpg,green,78%,Green Shirt,2461,3191,Polyester
1854.jpg,gray,57%,Gray Shirt,1756,2286,Linen
1855.jpg,gray,79%,Gray Shirt,1866,2321,Silk
1856.jpg,gray,84%,Gray Shirt,1756,2186,Cotton
1857.jpg,white,38%,White Shirt,1770,2568,Silk
1858.jpg,unknown,83%,Stylish Shirt,1990,2370,Wool
1859.jpg,black,82%,Black Shirt,2406,2732,Denim
186.jpg,white,72%,White Shirt,2875,3265,Wool
1860.jpg,unknown,46%,Stylish Shirt,1745,2317,Polyester
1861.jpg,black,83%,Black Shirt,1831,2421,Linen
1862.jpg,black,74%,Black Shirt,2871,3214,Wool
1863.jpg,blue,59%,Blue Shirt,2550,3282,Silk
1864.jpg,black,77%,Black Shirt,2480,2895,Cotton
1865.jpg,black,79%,Black Shirt,2006,2413,Polyester
1866.jpg,blue,76%,Blue Shirt,2472,3053,Polyester
1867.jpg,white,61%,White Shirt,2931,3551,Wool
1868.jpg,black,76%,Black Shirt,1709,2085,Silk
1869.jpg,blue,80%,Blue Shirt,2681,3423,Polyester
187.jpg,black,79%,Black Shirt,2270,2908,Polyester
1870.jpg,green,77%,Green Shirt,2958,3359,Cotton
1871.jpg,white,97%,White Shirt,2028,2810,Polyester
1872.jpg,black,75%,Black Shirt,2682,3345,Polyester
1873.jpg,gray,74%,Gray Shirt,2105,2904,Cotton
1874.jpg,white,96%,White Shirt,1693,2015,Wool
1875.jpg,black,81%,Black Shirt,2981,3737,Denim
1876.jpg,black,80%,Black Shirt,1565,1897,Cotton
1877.jpg,gray,78%,Gray Shirt,1621,1968,Linen
1878.jpg,white,86%,White Shirt,2632,3253,Linen
1879.jpg,unknown,85%,Stylish Shirt,1600,2017,Wool
188.jpg,pink,51%,Pink Shirt,2368,2961,Wool
1880.jpg,white,84%,White Shirt,1959,2549,Denim
1881.jpg,white,62%,White Shirt,2071,2634,Linen
1882.jpg,black,72%,Black Shirt,2478,2946,Cotton
1883.jpg,gray,60%,Gray Shirt,2682,3269,Polyester
1884.jpg,blue,59%,Blue Shirt,2418,3062,Cotton
1885.jpg,white,80%,White Shirt,2256,2742,Wool
1886.jpg,black,81%,Black Shirt,2289,2927,Denim
1887.jpg,white,58%,White Shirt,2186,2932,Wool
1888.jpg,white,62%,White Shirt,2687,3177,Wool
1889.jpg,black,76%,Black Shirt,2228,2855,Linen
189.jpg,yellow,60%,Yellow Shirt,2543,3033,Wool
1890.jpg,blue,80%,Blue Shirt,2912,3692,Denim
1891.jpg,white,64%,White Shirt,2110,2552,Silk
1892.jpg,black,65%,Black Shirt,2697,3471,Linen
1893.jpg,white,70%,White Shirt,1561,2053,Silk
1894.jpg,white,50%,White Shirt,1896,2608,Denim
1895.jpg,white,54%,White Shirt,2907,3627,Denim
1896.jpg,gray,79%,Gray Shirt,2844,3627,Polyester
1897.jpg,white,52%,White Shirt,2518,3152,Silk
1898.jpg,unknown,52%,Stylish Shirt,2369,2703,Wool
1899.jpg,black,73%,Black Shirt,2915,3446,Linen
19.jpg,pink,63%,Pink Shirt,2350,2844,Wool
190.jpg,yellow,79%,Yellow Shirt,2726,3085,Cotton
1900.jpg,gray,79%,Gray Shirt,2173,2819,Linen
1901.jpg,white,63%,White Shirt,1505,2074,Polyester
1902.jpg,unknown,84%,Stylish Shirt,1595,1957,Silk
1903.jpg,white,64%,White Shirt,2130,2567,Polyester
1904.jpg,gray,78%,Gray Shirt,2482,2963,Silk
1905.jpg,blue,73%,Blue Shirt,2921,3328,Linen
1906.jpg,white,59%,White Shirt,1638,2411,Cotton
1907.jpg,gray,45%,Gray Shirt,1783,2308,Silk
1908.jpg,white,47%,White Shirt,1508,2278,Silk
1909.jpg,white,49%,White Shirt,2670,3231,Wool
191.jpg,unknown,64%,Stylish Shirt,2312,2837,Denim
1910.jpg,black,76%,Black Shirt,2717,3148,Linen
1911.jpg,white,39%,White Shirt,2714,3190,Silk
1912.jpg,gray,77%,Gray Shirt,2912,3276,Cotton
1913.jpg,gray,43%,Gray Shirt,2058,2677,Polyester
1914.jpg,white,95%,White Shirt,2303,3098,Polyester
1915.jpg,white,38%,White Shirt,2452,3070,Silk
1916.jpg,black,53%,Black Shirt,2450,2994,Silk
1917.jpg,unknown,79%,Stylish Shirt,2159,2615,Linen
1918.jpg,gray,78%,Gray Shirt,2918,3672,Silk
1919.jpg,green,79%,Green Shirt,2474,2937,Linen
192.jpg,white,43%,White Shirt,1544,2119,Wool
1920.jpg,white,55%,White Shirt,2497,2957,Linen
1921.jpg,black,77%,Black Shirt,1915,2443,Linen
1922.jpg,blue,79%,Blue Shirt,2464,2932,Polyester
1923.jpg,blue,79%,Blue Shirt,2838,3159,Wool
1924.jpg,unknown,51%,Stylish Shirt,1599,1946,Denim
1925.jpg,blue,70%,Blue Shirt,2315,3016,Linen
1926.jpg,gray,78%,Gray Shirt,2819,3502,Denim
1927.jpg,white,44%,White Shirt,2760,3343,Cotton
1928.jpg,gray,42%,Gray Shirt,2952,3404,Wool
1929.jpg,gray,77%,Gray Shirt,2511,3112,Cotton
193.jpg,white,75%,White Shirt,2828,3505,Silk
1930.jpg,gray,75%,Gray Shirt,2497,3189,Wool
1931.jpg,black,76%,Black Shirt,2671,3171,Wool
1932.jpg,black,61%,Black Shirt,2322,2868,Linen
1933.jpg,green,50%,Green Shirt,2396,3090,Silk
1934.jpg,blue,76%,Blue Shirt,2052,2582,Denim
1935.jpg,black,80%,Black Shirt,2637,3222,Denim
1936.jpg,white,55%,White Shirt,1858,2286,Wool
1937.jpg,white,44%,White Shirt,2325,3006,Linen
1938.jpg,white,53%,White Shirt,2920,3349,Polyester
1939.jpg,white,64%,White Shirt,1664,2331,Polyester
194.jpg,black,53%,Black Shirt,1827,2619,Linen
1940.jpg,unknown,80%,Stylish Shirt,1813,2179,Wool
1941.jpg,black,77%,Black Shirt,2855,3592,Cotton
1942.jpg,black,77%,Black Shirt,2531,2976,Linen
1943.jpg,black,78%,Black Shirt,2551,2887,Polyester
1944.jpg,black,76%,Black Shirt,2165,2779,Wool
1945.jpg,unknown,78%,Stylish Shirt,1989,2447,Wool
1946.jpg,black,78%,Black Shirt,2152,2673,Linen
1947.jpg,white,48%,White Shirt,1664,2362,Wool
1948.jpg,black,80%,Black Shirt,1934,2551,Silk
1949.jpg,white,39%,White Shirt,1670,2281,Linen
195.jpg,black,76%,Black Shirt,1728,2408,Cotton
1950.jpg,black,75%,Black Shirt,2152,2706,Wool
1951.jpg,unknown,79%,Stylish Shirt,2744,3420,Silk
1952.jpg,blue,77%,Blue Shirt,1971,2728,Cotton
1953.jpg,white,58%,White Shirt,2930,3689,Cotton
1954.jpg,black,79%,Black Shirt,1746,2233,Polyester
1955.jpg,white,36%,White Shirt,2386,3029,Wool
1956.jpg,black,81%,Black Shirt,2273,2806,Silk
1957.jpg,blue,82%,Blue Shirt,1613,2216,Cotton
1958.jpg,white,47%,White Shirt,1753,2319,Linen
1959.jpg,unknown,79%,Stylish Shirt,2786,3314,Wool
196.jpg,white,69%,White Shirt,1990,2473,Polyester
1960.jpg,blue,78%,Blue Shirt,1645,2020,Cotton
1961.jpg,white,89%,White Shirt,1888,2459,Cotton
1962.jpg,gray,78%,Gray Shirt,2040,2624,Silk
1963.jpg,white,43%,White Shirt,2627,2936,Silk
1964.jpg,blue,80%,Blue Shirt,2680,3199,Linen
1965.jpg,white,46%,White Shirt,2689,3384,Silk
1966.jpg,black,78%,Black Shirt,1696,2252,Linen
1967.jpg,unknown,77%,Stylish Shirt,2340,3065,Polyester
1968.jpg,white,55%,White Shirt,2950,3727,Silk
1969.jpg,white,62%,White Shirt,2573,3242,Denim
197.jpg,gray,74%,Gray Shirt,2989,3481,Silk
1970.jpg,white,55%,White Shirt,1516,2036,Polyester
1971.jpg,white,74%,White Shirt,1522,2067,Wool
1972.jpg,gray,57%,Gray Shirt,2107,2837,Cotton
1973.jpg,white,95%,White Shirt,2387,2718,Polyester
1974.jpg,blue,81%,Blue Shirt,2293,2649,Silk
1975.jpg,gray,44%,Gray Shirt,2667,3393,Linen
1976.jpg,white,44%,White Shirt,1516,2171,Linen
1977.jpg,yellow,79%,Yellow Shirt,2730,3357,Cotton
1978.jpg,blue,76%,Blue Shirt,2971,3666,Cotton
1979.jpg,unknown,80%,Stylish Shirt,2957,3692,Denim
198.jpg,black,73%,Black Shirt,2631,3015,Cotton
1980.jpg,gray,54%,Gray Shirt,2419,3063,Denim
1981.jpg,white,60%,White Shirt,1980,2502,Cotton
1982.jpg,gray,82%,Gray Shirt,2037,2703,Silk
1983.jpg,unknown,68%,Stylish Shirt,1948,2314,Polyester
1984.jpg,white,44%,White Shirt,2189,2684,Linen
1985.jpg,unknown,83%,Stylish Shirt,2508,3045,Denim
1986.jpg,gray,53%,Gray Shirt,1564,2185,Linen
1987.jpg,black,74%,Black Shirt,2963,3494,Wool
1988.jpg,unknown,72%,Stylish Shirt,2700,3291,Denim
1989.jpg,black,78%,Black Shirt,2197,2603,Wool
199.jpg,gray,81%,Gray Shirt,2182,2964,Linen
1990.jpg,black,81%,Black Shirt,2345,2828,Wool
1991.jpg,white,63%,White Shirt,1862,2633,Polyester
1992.jpg,blue,36%,Blue Shirt,2454,2925,Polyester
1993.jpg,black,73%,Black Shirt,2149,2489,Linen
1994.jpg,white,74%,White Shirt,2523,3246,Silk
1995.jpg,white,79%,White Shirt,2663,3325,Polyester
1996.jpg,white,48%,White Shirt,2094,2707,Wool
1997.jpg,unknown,79%,Stylish Shirt,2083,2447,Cotton
1998.jpg,white,59%,White Shirt,2542,3200,Linen
1999.jpg,gray,43%,Gray Shirt,2394,2810,Cotton
2.jpg,white,91%,White Shirt,1571,1963,Cotton
20.jpg,white,87%,White Shirt,2302,3090,Cotton
200.jpg,gray,46%,Gray Shirt,2399,2887,Wool
2000.jpg,gray,51%,Gray Shirt,2982,3572,Silk
201.jpg,white,95%,White Shirt,1602,2381,Linen
202.jpg,blue,62%,Blue Shirt,2438,2815,Linen
203.jpg,white,86%,White Shirt,1829,2203,Cotton
204.jpg,unknown,70%,Stylish Shirt,1850,2382,Silk
205.jpg,unknown,49%,Stylish Shirt,2851,3172,Denim
206.jpg,white,60%,White Shirt,1850,2328,Wool
207.jpg,unknown,80%,Stylish Shirt,1969,2452,Cotton
208.jpg,white,94%,White Shirt,1556,2293,Cotton
209.jpg,white,68%,White Shirt,1857,2282,Wool
21.jpg,black,51%,Black Shirt,1697,2391,Silk
210.jpg,gray,70%,Gray Shirt,2344,3136,Denim
211.jpg,white,46%,White Shirt,2850,3609,Denim
212.jpg,gray,53%,Gray Shirt,2989,3608,Wool
213.jpg,unknown,61%,Stylish Shirt,1941,2423,Wool
214.jpg,black,80%,Black Shirt,2148,2492,Denim
215.jpg,white,45%,White Shirt,1521,2167,Wool
216.jpg,gray,41%,Gray Shirt,1803,2431,Linen
217.jpg,black,73%,Black Shirt,2036,2495,Denim
218.jpg,gray,83%,Gray Shirt,1613,1946,Linen
219.jpg,black,52%,Black Shirt,2294,2901,Silk
22.jpg,white,51%,White Shirt,2215,2880,Wool
220.jpg,white,47%,White Shirt,2076,2406,Cotton
221.jpg,yellow,54%,Yellow Shirt,2022,2602,Polyester
222.jpg,white,46%,White Shirt,2373,3110,Wool
223.jpg,black,68%,Black Shirt,1977,2521,Denim
224.jpg,white,49%,White Shirt,2116,2706,Wool
225.jpg,blue,48%,Blue Shirt,1777,2143,Polyester
226.jpg,unknown,71%,Stylish Shirt,2931,3643,Wool
227.jpg,white,92%,White Shirt,2896,3527,Wool
228.jpg,gray,50%,Gray Shirt,2385,2978,Cotton
229.jpg,black,58%,Black Shirt,1674,2165,Wool
23.jpg,black,45%,Black Shirt,1715,2333,Linen
230.jpg,black,57%,Black Shirt,1732,2410,Linen
231.jpg,white,81%,White Shirt,2944,3716,Cotton
232.jpg,green,75%,Green Shirt,1630,2054,Wool
233.jpg,white,45%,White Shirt,1585,2031,Silk
234.jpg,gray,76%,Gray Shirt,2650,3253,Linen
235.jpg,white,48%,White Shirt,2262,2747,Silk
236.jpg,blue,83%,Blue Shirt,2857,3504,Cotton
237.jpg,black,79%,Black Shirt,2613,3162,Linen
238.jpg,black,70%,Black Shirt,1595,2395,Linen
239.jpg,white,73%,White Shirt,1964,2635,Wool
24.jpg,black,58%,Black Shirt,2074,2447,Cotton
240.jpg,unknown,77%,Stylish Shirt,1722,2514,Silk
241.jpg,white,89%,White Shirt,2315,2733,Silk
242.jpg,black,44%,Black Shirt,2735,3402,Silk
243.jpg,white,60%,White Shirt,2328,3066,Denim
244.jpg,unknown,74%,Stylish Shirt,2493,3023,Cotton
245.jpg,black,73%,Black Shirt,1801,2425,Wool
246.jpg,white,48%,White Shirt,1667,2101,Silk
247.jpg,black,63%,Black Shirt,2509,2983,Polyester
248.jpg,white,58%,White Shirt,1779,2465,Silk
249.jpg,gray,38%,Gray Shirt,2708,3295,Cotton
25.jpg,red,36%,Red Shirt,1934,2663,Wool
250.jpg,gray,66%,Gray Shirt,2505,3236,Silk
251.jpg,white,65%,White Shirt,1793,2571,Cotton
252.jpg,black,59%,Black Shirt,2610,3281,Polyester
253.jpg,white,66%,White Shirt,1727,2386,Denim
254.jpg,blue,60%,Blue Shirt,2069,2390,Linen
255.jpg,white,51%,White Shirt,2669,3411,Linen
256.jpg,unknown,51%,Stylish Shirt,2673,3084,Wool
257.jpg,white,59%,White Shirt,2669,3179,Silk
258.jpg,gray,46%,Gray Shirt,2810,3300,Linen
259.jpg,blue,64%,Blue Shirt,2326,3011,Silk
26.jpg,white,51%,White Shirt,2984,3520,Cotton
260.jpg,gray,35%,Gray Shirt,1623,2054,Silk
261.jpg,white,91%,White Shirt,2632,3301,Linen
262.jpg,gray,43%,Gray Shirt,2918,3675,Cotton
263.jpg,gray,49%,Gray Shirt,1854,2178,Polyester
264.jpg,white,60%,White Shirt,2002,2593,Wool
265.jpg,blue,69%,Blue Shirt,2320,2904,Polyester
266.jpg,unknown,54%,Stylish Shirt,1970,2530,Cotton
267.jpg,white,78%,White Shirt,2838,3303,Silk
268.jpg,unknown,42%,Stylish Shirt,1666,2240,Cotton
269.jpg,black,60%,Black Shirt,2151,2481,Wool
27.jpg,unknown,60%,Stylish Shirt,2751,3488,Denim
270.jpg,unknown,52%,Stylish Shirt,1741,2430,Wool
271.jpg,black,47%,Black Shirt,1996,2414,Cotton
272.jpg,black,36%,Black Shirt,2879,3673,Linen
273.jpg,black,47%,Black Shirt,2304,2963,Cotton
274.jpg,white,51%,White Shirt,1762,2495,Cotton
275.jpg,white,92%,White Shirt,2226,2874,Linen
276.jpg,unknown,65%,Stylish Shirt,1764,2200,Silk
277.jpg,white,84%,White Shirt,2116,2686,Wool
278.jpg,black,83%,Black Shirt,1536,1949,Wool
279.jpg,white,70%,White Shirt,2089,2725,Cotton
28.jpg,unknown,93%,Stylish Shirt,2803,3448,Silk
280.jpg,black,74%,Black Shirt,2882,3377,Wool
281.jpg,black,58%,Black Shirt,2864,3477,Polyester
282.jpg,white,60%,White Shirt,2439,3227,Polyester
283.jpg,white,86%,White Shirt,2331,3131,Polyester
284.jpg,white,62%,White Shirt,2940,3307,Denim
285.jpg,gray,91%,Gray Shirt,2435,3211,Wool
286.jpg,gray,79%,Gray Shirt,2661,2982,Polyester
287.jpg,gray,36%,Gray Shirt,2091,2574,Polyester
288.jpg,white,50%,White Shirt,2372,2677,Silk
289.jpg,white,43%,White Shirt,2485,3224,Denim
29.jpg,white,41%,White Shirt,2240,2841,Linen
290.jpg,gray,42%,Gray Shirt,2425,2913,Wool
291.jpg,gray,69%,Gray Shirt,2439,3102,Polyester
292.jpg,white,41%,White Shirt,2291,2719,Wool
293.jpg,black,62%,Black Shirt,2362,2842,Wool
294.jpg,unknown,44%,Stylish Shirt,2406,2767,Linen
295.jpg,unknown,52%,Stylish Shirt,1627,2406,Wool
296.jpg,black,82%,Black Shirt,2201,2754,Polyester
297.jpg,gray,40%,Gray Shirt,2288,3010,Wool
298.jpg,black,49%,Black Shirt,1785,2435,Denim
299.jpg,white,66%,White Shirt,2482,2871,Wool
3.jpg,black,69%,Black Shirt,1824,2599,Polyester
30.jpg,unknown,74%,Stylish Shirt,2614,3339,Wool
300.jpg,gray,87%,Gray Shirt,2998,3443,Polyester
301.jpg,unknown,80%,Stylish Shirt,1715,2393,Linen
302.jpg,unknown,64%,Stylish Shirt,1521,2296,Denim
303.jpg,gray,58%,Gray Shirt,1768,2480,Wool
304.jpg,white,50%,White Shirt,2536,3072,Polyester
305.jpg,unknown,43%,Stylish Shirt,2729,3518,Denim
306.jpg,black,49%,Black Shirt,1603,2131,Wool
307.jpg,gray,52%,Gray Shirt,2299,2788,Cotton
308.jpg,unknown,39%,Stylish Shirt,2825,3226,Cotton
309.jpg,green,79%,Green Shirt,2501,2885,Wool
31.jpg,blue,38%,Blue Shirt,1547,2237,Polyester
310.jpg,white,51%,White Shirt,2159,2810,Linen
311.jpg,unknown,42%,Stylish Shirt,2166,2570,Polyester
312.jpg,white,59%,White Shirt,2697,3259,Denim
313.jpg,black,60%,Black Shirt,2446,2759,Wool
314.jpg,unknown,49%,Stylish Shirt,2473,2978,Cotton
315.jpg,white,89%,White Shirt,2891,3440,Silk
316.jpg,unknown,51%,Stylish Shirt,2707,3439,Linen
317.jpg,black,36%,Black Shirt,2751,3077,Denim
318.jpg,unknown,71%,Stylish Shirt,2871,3622,Linen
319.jpg,gray,43%,Gray Shirt,1785,2585,Polyester
32.jpg,white,39%,White Shirt,2203,3001,Silk
320.jpg,white,46%,White Shirt,1758,2351,Silk
321.jpg,blue,63%,Blue Shirt,2214,2848,Linen
322.jpg,white,58%,White Shirt,1583,1965,Cotton
323.jpg,gray,53%,Gray Shirt,2869,3376,Polyester
324.jpg,black,74%,Black Shirt,1982,2723,Polyester
325.jpg,gray,39%,Gray Shirt,2393,2695,Cotton
326.jpg,unknown,39%,Stylish Shirt,2148,2929,Wool
327.jpg,gray,45%,Gray Shirt,1551,2035,Cotton
328.jpg,white,44%,White Shirt,2666,3399,Silk
329.jpg,unknown,66%,Stylish Shirt,2627,3118,Linen
33.jpg,unknown,47%,Stylish Shirt,2784,3367,Denim
330.jpg,black,55%,Black Shirt,2677,3268,Polyester
331.jpg,black,58%,Black Shirt,1849,2336,Silk
332.jpg,blue,69%,Blue Shirt,2562,3240,Linen
333.jpg,unknown,48%,Stylish Shirt,2695,3416,Wool
334.jpg,white,68%,White Shirt,1860,2520,Silk
335.jpg,black,47%,Black Shirt,2667,3430,Silk
336.jpg,black,77%,Black Shirt,2507,2944,Denim
337.jpg,gray,58%,Gray Shirt,1722,2325,Wool
338.jpg,white,44%,White Shirt,2811,3344,Wool
339.jpg,white,61%,White Shirt,1509,1850,Wool
34.jpg,unknown,49%,Stylish Shirt,1659,2073,Cotton
340.jpg,black,65%,Black Shirt,1502,2169,Polyester
341.jpg,gray,55%,Gray Shirt,1556,1886,Silk
342.jpg,white,39%,White Shirt,2856,3272,Wool
343.jpg,white,39%,White Shirt,1595,2351,Wool
344.jpg,gray,48%,Gray Shirt,2448,3040,Polyester
345.jpg,white,45%,White Shirt,2149,2907,Polyester
346.jpg,white,61%,White Shirt,2905,3623,Linen
347.jpg,black,65%,Black Shirt,2793,3181,Cotton
348.jpg,black,85%,Black Shirt,2946,3289,Silk
349.jpg,black,80%,Black Shirt,2094,2870,Linen
35.jpg,white,79%,White Shirt,1553,1910,Denim
350.jpg,black,48%,Black Shirt,2244,2980,Polyester
351.jpg,white,60%,White Shirt,1842,2542,Linen
352.jpg,green,84%,Green Shirt,2726,3170,Wool
353.jpg,blue,55%,Blue Shirt,1939,2688,Silk
354.jpg,white,75%,White Shirt,2169,2960,Wool
355.jpg,gray,36%,Gray Shirt,2801,3511,Wool
356.jpg,gray,48%,Gray Shirt,2925,3469,Cotton
36.jpg,white,59%,White Shirt,2681,3189,Wool
364.jpg,white,53%,White Shirt,2869,3172,Silk
365.jpg,black,54%,Black Shirt,2039,2389,Silk
366.jpg,white,48%,White Shirt,2426,2960,Silk
367.jpg,white,92%,White Shirt,2793,3190,Polyester
368.jpg,black,59%,Black Shirt,1648,2079,Linen
369.jpg,unknown,56%,Stylish Shirt,1521,2154,Wool
37.jpg,white,46%,White Shirt,1770,2374,Silk
370.jpg,black,56%,Black Shirt,2455,2972,Wool
371.jpg,black,77%,Black Shirt,2902,3446,Silk
372.jpg,white,43%,White Shirt,2420,3125,Cotton
373.jpg,black,49%,Black Shirt,2576,2965,Cotton
374.jpg,black,71%,Black Shirt,2350,2667,Silk
375.jpg,black,70%,Black Shirt,2194,2523,Polyester
376.jpg,green,81%,Green Shirt,2200,2893,Polyester
377.jpg,white,55%,White Shirt,2954,3613,Cotton
378.jpg,white,43%,White Shirt,2801,3469,Linen
379.jpg,black,82%,Black Shirt,1728,2111,Wool
38.jpg,gray,55%,Gray Shirt,2273,2652,Denim
380.jpg,white,51%,White Shirt,2749,3437,Silk
381.jpg,gray,51%,Gray Shirt,2925,3531,Polyester
382.jpg,white,47%,White Shirt,1603,2291,Cotton
383.jpg,white,87%,White Shirt,2231,2809,Polyester
384.jpg,blue,54%,Blue Shirt,2317,2746,Cotton
385.jpg,black,59%,Black Shirt,1975,2572,Denim
386.jpg,gray,39%,Gray Shirt,2353,2853,Silk
387.jpg,white,90%,White Shirt,1522,2139,Silk
388.jpg,black,78%,Black Shirt,2603,2916,Polyester
389.jpg,gray,45%,Gray Shirt,2983,3584,Cotton
39.jpg,white,91%,White Shirt,2504,2880,Linen
390.jpg,white,52%,White Shirt,1788,2300,Cotton
391.jpg,black,39%,Black Shirt,1978,2452,Denim
392.jpg,black,83%,Black Shirt,2098,2659,Cotton
393.jpg,gray,43%,Gray Shirt,2844,3595,Linen
394.jpg,gray,50%,Gray Shirt,2595,3175,Cotton
395.jpg,white,85%,White Shirt,2785,3390,Polyester
396.jpg,black,51%,Black Shirt,1580,2184,Cotton
397.jpg,gray,61%,Gray Shirt,1909,2347,Denim
398.jpg,white,91%,White Shirt,2099,2524,Polyester
399.jpg,white,44%,White Shirt,2195,2788,Silk
4.jpg,white,69%,White Shirt,2342,2750,Wool
40.jpg,black,47%,Black Shirt,2420,3102,Cotton
400.jpg,blue,51%,Blue Shirt,1799,2422,Wool
401.jpg,black,53%,Black Shirt,2187,2811,Wool
402.jpg,black,53%,Black Shirt,2673,3115,Cotton
403.jpg,blue,41%,Blue Shirt,2603,3121,Linen
404.jpg,black,49%,Black Shirt,2993,3484,Linen
405.jpg,unknown,44%,Stylish Shirt,2129,2748,Silk
406.jpg,unknown,75%,Stylish Shirt,1776,2175,Silk
407.jpg,white,91%,White Shirt,2506,2855,Linen
408.jpg,gray,64%,Gray Shirt,2628,3262,Polyester
409.jpg,white,44%,White Shirt,2628,3368,Denim
41.jpg,white,38%,White Shirt,1782,2435,Silk
410.jpg,black,73%,Black Shirt,2086,2452,Denim
411.jpg,white,94%,White Shirt,2230,2882,Denim
412.jpg,unknown,56%,Stylish Shirt,1692,2420,Linen
413.jpg,white,50%,White Shirt,2216,2590,Linen
414.jpg,white,50%,White Shirt,2454,2865,Polyester
415.jpg,black,56%,Black Shirt,1983,2716,Wool
416.jpg,white,56%,White Shirt,2082,2506,Silk
417.jpg,white,48%,White Shirt,2779,3474,Denim
418.jpg,unknown,43%,Stylish Shirt,1803,2282,Denim
419.jpg,unknown,63%,Stylish Shirt,1916,2387,Wool
42.jpg,black,46%,Black Shirt,2631,3339,Linen
420.jpg,black,46%,Black Shirt,1965,2272,Polyester
421.jpg,green,50%,Green Shirt,2222,2522,Linen
422.jpg,black,67%,Black Shirt,2786,3338,Silk
423.jpg,unknown,80%,Stylish Shirt,2453,2872,Linen
424.jpg,white,88%,White Shirt,2829,3315,Cotton
425.jpg,gray,48%,Gray Shirt,2123,2797,Wool
426.jpg,unknown,79%,Stylish Shirt,2728,3156,Denim
427.jpg,black,67%,Black Shirt,2198,2932,Wool
428.jpg,unknown,84%,Stylish Shirt,2858,3547,Denim
429.jpg,unknown,86%,Stylish Shirt,1833,2337,Linen
43.jpg,white,67%,White Shirt,1807,2292,Polyester
430.jpg,black,59%,Black Shirt,2450,3050,Silk
431.jpg,red,51%,Red Shirt,2054,2798,Cotton
432.jpg,unknown,62%,Stylish Shirt,2449,3243,Wool
433.jpg,unknown,79%,Stylish Shirt,1590,2171,Linen
434.jpg,yellow,71%,Yellow Shirt,2533,2961,Wool
435.jpg,unknown,59%,Stylish Shirt,2550,3136,Polyester
436.jpg,yellow,51%,Yellow Shirt,1818,2130,Silk
437.jpg,black,81%,Black Shirt,2561,2897,Linen
438.jpg,black,61%,Black Shirt,2453,3100,Polyester
439.jpg,gray,38%,Gray Shirt,2472,3158,Polyester
44.jpg,white,53%,White Shirt,2451,3185,Denim
440.jpg,gray,78%,Gray Shirt,2887,3661,Silk
441.jpg,black,56%,Black Shirt,2900,3462,Wool
442.jpg,gray,52%,Gray Shirt,2851,3429,Wool
443.jpg,gray,41%,Gray Shirt,2957,3374,Polyester
444.jpg,white,57%,White Shirt,1769,2214,Cotton
445.jpg,white,52%,White Shirt,2211,2856,Cotton
446.jpg,black,59%,Black Shirt,2355,2708,Linen
447.jpg,black,78%,Black Shirt,2682,3008,Denim
448.jpg,blue,66%,Blue Shirt,1629,2125,Cotton
449.jpg,black,61%,Black Shirt,1590,1977,Polyester
45.jpg,gray,47%,Gray Shirt,2557,2946,Wool
450.jpg,black,55%,Black Shirt,2114,2751,Linen
451.jpg,unknown,60%,Stylish Shirt,2331,2743,Silk
452.jpg,gray,42%,Gray Shirt,2748,3143,Polyester
453.jpg,white,38%,White Shirt,2565,3254,Denim
454.jpg,gray,48%,Gray Shirt,2179,2934,Silk
455.jpg,unknown,46%,Stylish Shirt,2917,3488,Polyester
456.jpg,white,46%,White Shirt,1831,2625,Linen
457.jpg,yellow,58%,Yellow Shirt,2255,2932,Linen
458.jpg,unknown,36%,Stylish Shirt,2846,3294,Linen
459.jpg,white,52%,White Shirt,2467,3230,Cotton
46.jpg,white,65%,White Shirt,1594,2097,Silk
460.jpg,white,57%,White Shirt,1862,2220,Denim
461.jpg,white,41%,White Shirt,2029,2403,Linen
462.jpg,black,58%,Black Shirt,2240,2745,Denim
463.jpg,white,62%,White Shirt,1803,2138,Polyester
464.jpg,white,40%,White Shirt,2337,3047,Wool
465.jpg,blue,76%,Blue Shirt,2275,2599,Linen
466.jpg,white,49%,White Shirt,1669,2316,Linen
467.jpg,gray,49%,Gray Shirt,3000,3684,Polyester
468.jpg,black,53%,Black Shirt,1635,2343,Silk
469.jpg,unknown,78%,Stylish Shirt,2775,3425,Silk
47.jpg,black,53%,Black Shirt,1860,2193,Wool
470.jpg,black,47%,Black Shirt,1773,2255,Linen
471.jpg,gray,57%,Gray Shirt,2106,2905,Linen
472.jpg,black,70%,Black Shirt,2087,2438,Denim
473.jpg,black,37%,Black Shirt,1622,1961,Linen
474.jpg,white,65%,White Shirt,1526,2046,Linen
475.jpg,white,43%,White Shirt,1970,2314,Silk
476.jpg,white,45%,White Shirt,1987,2721,Cotton
477.jpg,white,95%,White Shirt,2472,3185,Silk
478.jpg,unknown,69%,Stylish Shirt,1706,2120,Polyester
479.jpg,gray,43%,Gray Shirt,1594,2263,Silk
48.jpg,unknown,45%,Stylish Shirt,1849,2279,Polyester
480.jpg,white,62%,White Shirt,2671,3048,Wool
481.jpg,unknown,39%,Stylish Shirt,2139,2635,Silk
482.jpg,black,56%,Black Shirt,2064,2837,Linen
483.jpg,white,42%,White Shirt,1526,1881,Linen
484.jpg,white,60%,White Shirt,2700,3364,Wool
485.jpg,unknown,50%,Stylish Shirt,1592,2277,Cotton
486.jpg,unknown,48%,Stylish Shirt,2723,3121,Cotton
487.jpg,white,59%,White Shirt,2764,3420,Silk
488.jpg,yellow,38%,Yellow Shirt,2498,3004,Silk
489.jpg,white,40%,White Shirt,1792,2392,Wool
49.jpg,gray,45%,Gray Shirt,2572,3287,Polyester
490.jpg,gray,40%,Gray Shirt,1924,2660,Cotton
491.jpg,unknown,40%,Stylish Shirt,2534,2938,Silk
492.jpg,unknown,82%,Stylish Shirt,1556,2220,Wool
493.jpg,unknown,83%,Stylish Shirt,1909,2350,Linen
494.jpg,black,80%,Black Shirt,2511,2873,Cotton
495.jpg,white,45%,White Shirt,2847,3397,Wool
496.jpg,white,70%,White Shirt,1797,2486,Wool
497.jpg,unknown,56%,Stylish Shirt,1507,2169,Wool
498.jpg,unknown,42%,Stylish Shirt,1665,2404,Denim
499.jpg,white,56%,White Shirt,1700,2324,Denim
5.jpg,unknown,37%,Stylish Shirt,1825,2614,Denim
50.jpg,black,62%,Black Shirt,2828,3486,Denim
500.jpg,gray,47%,Gray Shirt,2126,2466,Polyester
501.jpg,black,54%,Black Shirt,2968,3335,Denim
502.jpg,white,57%,White Shirt,1517,1936,Silk
503.jpg,white,64%,White Shirt,2602,3013,Silk
504.jpg,white,72%,White Shirt,1692,2201,Silk
505.jpg,green,81%,Green Shirt,2368,2681,Denim
506.jpg,black,61%,Black Shirt,1940,2704,Wool
507.jpg,gray,85%,Gray Shirt,2598,3321,Wool
508.jpg,white,40%,White Shirt,2530,3311,Denim
509.jpg,black,61%,Black Shirt,2681,3012,Denim
51.jpg,white,49%,White Shirt,1670,2375,Polyester
510.jpg,white,71%,White Shirt,2871,3623,Linen
511.jpg,white,48%,White Shirt,2357,2928,Linen
512.jpg,black,74%,Black Shirt,2357,2868,Cotton
513.jpg,gray,85%,Gray Shirt,2981,3339,Linen
514.jpg,white,58%,White Shirt,1540,1982,Denim
515.jpg,white,45%,White Shirt,2732,3421,Denim
516.jpg,white,97%,White Shirt,1997,2750,Cotton
517.jpg,black,82%,Black Shirt,1831,2571,Cotton
518.jpg,unknown,81%,Stylish Shirt,2786,3319,Cotton
519.jpg,gray,85%,Gray Shirt,2677,3473,Polyester
52.jpg,gray,37%,Gray Shirt,1909,2236,Silk
520.jpg,white,77%,White Shirt,1561,2166,Silk
521.jpg,unknown,86%,Stylish Shirt,2661,3312,Wool
522.jpg,white,93%,White Shirt,2983,3580,Cotton
523.jpg,white,79%,White Shirt,1558,1976,Polyester
524.jpg,blue,66%,Blue Shirt,1542,2222,Wool
525.jpg,white,61%,White Shirt,1743,2210,Wool
526.jpg,white,43%,White Shirt,2409,2919,Polyester
527.jpg,white,53%,White Shirt,2509,3218,Denim
528.jpg,gray,60%,Gray Shirt,2223,2934,Cotton
529.jpg,white,54%,White Shirt,2819,3438,Polyester
53.jpg,white,61%,White Shirt,2576,3060,Wool
530.jpg,white,61%,White Shirt,2590,3283,Polyester
531.jpg,unknown,60%,Stylish Shirt,2011,2361,Denim
532.jpg,black,43%,Black Shirt,2028,2672,Denim
533.jpg,white,57%,White Shirt,2551,3037,Denim
534.jpg,gray,39%,Gray Shirt,1729,2281,Silk
535.jpg,white,65%,White Shirt,1505,2236,Silk
536.jpg,gray,55%,Gray Shirt,2218,2702,Polyester
537.jpg,gray,57%,Gray Shirt,2773,3536,Silk
538.jpg,unknown,62%,Stylish Shirt,1699,2201,Wool
539.jpg,blue,43%,Blue Shirt,2673,3391,Denim
54.jpg,white,95%,White Shirt,2669,3105,Denim
540.jpg,gray,40%,Gray Shirt,2707,3342,Denim
541.jpg,gray,61%,Gray Shirt,2932,3664,Linen
542.jpg,white,68%,White Shirt,2478,2989,Polyester
543.jpg,white,51%,White Shirt,1874,2428,Polyester
544.jpg,black,43%,Black Shirt,2372,3011,Denim
545.jpg,gray,38%,Gray Shirt,1847,2322,Wool
546.jpg,unknown,51%,Stylish Shirt,1823,2417,Polyester
547.jpg,white,57%,White Shirt,1695,2076,Wool
548.jpg,unknown,41%,Stylish Shirt,2111,2458,Silk
549.jpg,unknown,94%,Stylish Shirt,2015,2616,Cotton
55.jpg,white,53%,White Shirt,2110,2418,Linen
550.jpg,white,57%,White Shirt,1900,2363,Silk
551.jpg,black,47%,Black Shirt,1839,2565,Linen
552.jpg,black,54%,Black Shirt,2910,3304,Denim
553.jpg,gray,64%,Gray Shirt,2786,3542,Polyester
554.jpg,white,44%,White Shirt,1886,2300,Silk
555.jpg,black,66%,Black Shirt,2888,3231,Linen
556.jpg,gray,50%,Gray Shirt,2946,3617,Linen
557.jpg,unknown,42%,Stylish Shirt,1637,2071,Cotton
558.jpg,unknown,88%,Stylish Shirt,2362,2850,Silk
559.jpg,yellow,36%,Yellow Shirt,2683,3038,Cotton
56.jpg,gray,38%,Gray Shirt,1638,1996,Wool
560.jpg,white,44%,White Shirt,2280,2735,Wool
561.jpg,white,52%,White Shirt,2239,3009,Linen
562.jpg,unknown,61%,Stylish Shirt,1981,2289,Wool
563.jpg,gray,51%,Gray Shirt,2071,2555,Silk
564.jpg,black,63%,Black Shirt,3000,3627,Polyester
565.jpg,unknown,82%,Stylish Shirt,1955,2638,Cotton
566.jpg,white,48%,White Shirt,2752,3382,Linen
567.jpg,black,75%,Black Shirt,2805,3491,Polyester
568.jpg,gray,81%,Gray Shirt,1769,2144,Wool
569.jpg,black,86%,Black Shirt,1778,2571,Silk
57.jpg,gray,50%,Gray Shirt,1700,2477,Linen
570.jpg,gray,69%,Gray Shirt,2678,3134,Linen
571.jpg,white,57%,White Shirt,2585,3081,Denim
572.jpg,gray,59%,Gray Shirt,1630,2241,Denim
573.jpg,gray,62%,Gray Shirt,2470,2814,Wool
574.jpg,white,67%,White Shirt,2054,2776,Polyester
575.jpg,gray,61%,Gray Shirt,2273,2689,Wool
576.jpg,black,83%,Black Shirt,1616,1965,Cotton
577.jpg,white,62%,White Shirt,2478,3049,Polyester
578.jpg,blue,50%,Blue Shirt,1726,2229,Polyester
579.jpg,white,53%,White Shirt,1944,2380,Wool
58.jpg,white,78%,White Shirt,1717,2115,Polyester
580.jpg,unknown,73%,Stylish Shirt,2061,2569,Polyester
581.jpg,gray,44%,Gray Shirt,1838,2323,Cotton
582.jpg,gray,80%,Gray Shirt,2943,3535,Denim
583.jpg,gray,43%,Gray Shirt,2821,3366,Cotton
584.jpg,white,94%,White Shirt,1880,2371,Cotton
585.jpg,black,87%,Black Shirt,1559,2275,Silk
586.jpg,gray,55%,Gray Shirt,1815,2610,Denim
587.jpg,black,61%,Black Shirt,1794,2371,Cotton
588.jpg,white,61%,White Shirt,2900,3416,Denim
589.jpg,red,85%,Red Shirt,2772,3186,Linen
59.jpg,unknown,46%,Stylish Shirt,1892,2527,Wool
590.jpg,unknown,55%,Stylish Shirt,2516,3030,Polyester
591.jpg,white,66%,White Shirt,2911,3363,Polyester
592.jpg,black,61%,Black Shirt,1711,2378,Denim
593.jpg,black,47%,Black Shirt,2895,3355,Polyester
594.jpg,black,53%,Black Shirt,2941,3611,Linen
595.jpg,white,61%,White Shirt,1869,2270,Denim
596.jpg,white,70%,White Shirt,2592,3271,Wool
597.jpg,unknown,49%,Stylish Shirt,2993,3631,Polyester
598.jpg,gray,79%,Gray Shirt,2891,3412,Polyester
599.jpg,unknown,38%,Stylish Shirt,2728,3190,Polyester
6.jpg,white,57%,White Shirt,2065,2526,Linen
60.jpg,white,52%,White Shirt,2987,3583,Cotton
600.jpg,white,55%,White Shirt,2024,2476,Cotton
601.jpg,unknown,79%,Stylish Shirt,1734,2356,Wool
602.jpg,white,40%,White Shirt,2913,3298,Cotton
603.jpg,white,49%,White Shirt,2376,2901,Linen
604.jpg,white,88%,White Shirt,2633,3160,Polyester
605.jpg,gray,45%,Gray Shirt,2155,2616,Silk
606.jpg,white,48%,White Shirt,2414,3115,Wool
607.jpg,white,74%,White Shirt,2942,3486,Linen
608.jpg,black,42%,Black Shirt,2578,3211,Wool
609.jpg,black,54%,Black Shirt,1906,2577,Wool
61.jpg,unknown,61%,Stylish Shirt,1724,2299,Denim
610.jpg,white,61%,White Shirt,2429,3032,Denim
611.jpg,unknown,86%,Stylish Shirt,2635,3129,Linen
612.jpg,unknown,49%,Stylish Shirt,1972,2492,Polyester
613.jpg,white,42%,White Shirt,1670,2003,Cotton
614.jpg,unknown,46%,Stylish Shirt,2419,3125,Silk
615.jpg,unknown,42%,Stylish Shirt,2513,2852,Denim
616.jpg,unknown,69%,Stylish Shirt,2083,2717,Wool
617.jpg,white,47%,White Shirt,2937,3360,Cotton
618.jpg,black,41%,Black Shirt,2947,3611,Polyester
619.jpg,unknown,47%,Stylish Shirt,1874,2372,Wool
62.jpg,white,51%,White Shirt,1608,2206,Linen
620.jpg,black,83%,Black Shirt,2747,3236,Wool
621.jpg,blue,68%,Blue Shirt,2014,2559,Wool
622.jpg,blue,86%,Blue Shirt,1687,2286,Polyester
623.jpg,black,82%,Black Shirt,2769,3071,Cotton
624.jpg,unknown,67%,Stylish Shirt,2609,2995,Denim
625.jpg,black,37%,Black Shirt,1540,2038,Silk
626.jpg,white,57%,White Shirt,2602,3400,Denim
627.jpg,pink,84%,Pink Shirt,2001,2447,Cotton
628.jpg,gray,39%,Gray Shirt,1728,2248,Linen
629.jpg,white,95%,White Shirt,2776,3409,Silk
63.jpg,unknown,44%,Stylish Shirt,1607,2315,Silk
630.jpg,red,48%,Red Shirt,1522,2314,Denim
631.jpg,white,96%,White Shirt,1895,2340,Wool
632.jpg,red,65%,Red Shirt,1891,2301,Silk
633.jpg,gray,74%,Gray Shirt,2171,2930,Wool
634.jpg,white,75%,White Shirt,1624,2188,Linen
635.jpg,unknown,68%,Stylish Shirt,1674,2047,Wool
636.jpg,unknown,67%,Stylish Shirt,2674,3440,Denim
637.jpg,unknown,53%,Stylish Shirt,2883,3469,Wool
638.jpg,gray,83%,Gray Shirt,2602,3364,Denim
639.jpg,unknown,62%,Stylish Shirt,1527,1933,Denim
64.jpg,black,75%,Black Shirt,1783,2197,Cotton
640.jpg,gray,59%,Gray Shirt,2883,3430,Cotton
641.jpg,white,48%,White Shirt,2850,3172,Polyester
642.jpg,blue,79%,Blue Shirt,2351,2995,Cotton
643.jpg,white,64%,White Shirt,2590,2952,Linen
644.jpg,blue,57%,Blue Shirt,2551,2892,Polyester
645.jpg,white,36%,White Shirt,2859,3605,Cotton
646.jpg,white,85%,White Shirt,2088,2428,Cotton
647.jpg,white,43%,White Shirt,2471,3056,Polyester
648.jpg,unknown,40%,Stylish Shirt,2573,3288,Denim
649.jpg,black,38%,Black Shirt,1708,2327,Linen
65.jpg,unknown,50%,Stylish Shirt,2483,3091,Polyester
650.jpg,unknown,49%,Stylish Shirt,1616,2313,Cotton
651.jpg,black,40%,Black Shirt,1796,2137,Silk
652.jpg,white,41%,White Shirt,2523,2870,Silk
653.jpg,pink,36%,Pink Shirt,1583,1919,Silk
654.jpg,black,48%,Black Shirt,2425,3155,Silk
655.jpg,gray,60%,Gray Shirt,1570,2329,Denim
656.jpg,white,58%,White Shirt,1909,2559,Wool
657.jpg,gray,47%,Gray Shirt,2153,2908,Silk
658.jpg,unknown,55%,Stylish Shirt,2853,3456,Polyester
659.jpg,black,60%,Black Shirt,2930,3688,Cotton
66.jpg,blue,37%,Blue Shirt,2288,2711,Wool
660.jpg,white,56%,White Shirt,2079,2876,Silk
661.jpg,unknown,84%,Stylish Shirt,2525,3004,Silk
662.jpg,white,58%,White Shirt,1778,2451,Linen
663.jpg,white,75%,White Shirt,2896,3573,Linen
664.jpg,gray,78%,Gray Shirt,2120,2513,Cotton
665.jpg,unknown,50%,Stylish Shirt,1514,1947,Cotton
666.jpg,black,85%,Black Shirt,2149,2771,Denim
667.jpg,white,73%,White Shirt,2220,2911,Silk
668.jpg,unknown,41%,Stylish Shirt,2081,2816,Silk
669.jpg,unknown,75%,Stylish Shirt,2457,2850,Wool
67.jpg,unknown,46%,Stylish Shirt,2202,2530,Wool
670.jpg,black,52%,Black Shirt,2415,3141,Linen
671.jpg,gray,50%,Gray Shirt,2656,2996,Linen
672.jpg,white,73%,White Shirt,1973,2417,Cotton
673.jpg,black,64%,Black Shirt,1815,2601,Silk
674.jpg,white,48%,White Shirt,2840,3522,Cotton
675.jpg,black,71%,Black Shirt,1624,2108,Polyester
676.jpg,blue,46%,Blue Shirt,1757,2185,Polyester
677.jpg,gray,84%,Gray Shirt,1808,2285,Linen
678.jpg,gray,44%,Gray Shirt,2023,2593,Silk
679.jpg,black,64%,Black Shirt,1851,2347,Linen
68.jpg,white,56%,White Shirt,2370,3068,Silk
680.jpg,gray,46%,Gray Shirt,2687,3109,Denim
681.jpg,unknown,44%,Stylish Shirt,2018,2611,Wool
682.jpg,white,77%,White Shirt,2379,2728,Wool
683.jpg,white,43%,White Shirt,2721,3515,Silk
684.jpg,unknown,79%,Stylish Shirt,2718,3331,Wool
685.jpg,white,62%,White Shirt,2354,3059,Silk
686.jpg,brown,84%,Brown Shirt,2509,3244,Wool
687.jpg,gray,39%,Gray Shirt,1621,2189,Wool
688.jpg,white,88%,White Shirt,2636,3056,Wool
689.jpg,black,81%,Black Shirt,2381,3093,Silk
69.jpg,unknown,67%,Stylish Shirt,2385,2738,Cotton
690.jpg,black,50%,Black Shirt,2024,2447,Wool
691.jpg,black,49%,Black Shirt,2842,3538,Denim
692.jpg,gray,44%,Gray Shirt,2061,2695,Denim
693.jpg,black,63%,Black Shirt,2049,2406,Cotton
694.jpg,blue,56%,Blue Shirt,2676,3417,Denim
695.jpg,white,64%,White Shirt,2753,3083,Silk
696.jpg,black,69%,Black Shirt,2270,3016,Linen
697.jpg,white,76%,White Shirt,2831,3280,Linen
698.jpg,white,70%,White Shirt,2802,3280,Denim
699.jpg,black,47%,Black Shirt,2455,3217,Denim
7.jpg,unknown,49%,Stylish Shirt,1714,2472,Denim
70.jpg,white,44%,White Shirt,2912,3493,Silk
700.jpg,white,48%,White Shirt,1606,2359,Silk
701.jpg,white,96%,White Shirt,2048,2839,Silk
702.jpg,white,42%,White Shirt,1678,2283,Wool
703.jpg,black,79%,Black Shirt,2690,3479,Wool
704.jpg,white,60%,White Shirt,2165,2671,Denim
705.jpg,white,73%,White Shirt,2595,3295,Silk
706.jpg,white,81%,White Shirt,2613,3025,Cotton
707.jpg,black,41%,Black Shirt,1982,2764,Cotton
708.jpg,white,44%,White Shirt,2164,2941,Denim
709.jpg,blue,48%,Blue Shirt,1935,2550,Wool
71.jpg,black,72%,Black Shirt,2720,3481,Wool
710.jpg,black,61%,Black Shirt,2860,3339,Linen
711.jpg,black,43%,Black Shirt,1783,2317,Linen
712.jpg,black,80%,Black Shirt,2010,2708,Silk
713.jpg,white,48%,White Shirt,2899,3379,Wool
714.jpg,gray,81%,Gray Shirt,1651,2312,Cotton
715.jpg,blue,65%,Blue Shirt,2893,3357,Wool
716.jpg,unknown,58%,Stylish Shirt,1522,2241,Cotton
717.jpg,unknown,49%,Stylish Shirt,2963,3425,Polyester
718.jpg,white,90%,White Shirt,2960,3640,Wool
719.jpg,black,44%,Black Shirt,2031,2819,Denim
72.jpg,blue,73%,Blue Shirt,2542,2852,Cotton
720.jpg,black,40%,Black Shirt,2082,2567,Wool
721.jpg,white,48%,White Shirt,1998,2737,Polyester
722.jpg,black,57%,Black Shirt,1935,2593,Wool
723.jpg,gray,47%,Gray Shirt,2612,3000,Wool
724.jpg,white,45%,White Shirt,1710,2205,Silk
725.jpg,white,61%,White Shirt,1603,2080,Cotton
726.jpg,blue,79%,Blue Shirt,1981,2328,Cotton
727.jpg,gray,44%,Gray Shirt,1922,2279,Polyester
728.jpg,black,80%,Black Shirt,2110,2474,Denim
729.jpg,green,59%,Green Shirt,2682,3448,Wool
73.jpg,black,79%,Black Shirt,1581,2313,Wool
730.jpg,unknown,46%,Stylish Shirt,1699,2199,Silk
731.jpg,gray,43%,Gray Shirt,1607,2253,Cotton
732.jpg,gray,77%,Gray Shirt,2080,2835,Silk
733.jpg,white,54%,White Shirt,2903,3516,Silk
734.jpg,gray,66%,Gray Shirt,2578,2941,Wool
735.jpg,white,59%,White Shirt,2281,3059,Cotton
736.jpg,black,82%,Black Shirt,2920,3266,Silk
737.jpg,black,59%,Black Shirt,2312,2667,Cotton
738.jpg,blue,68%,Blue Shirt,2648,2948,Silk
739.jpg,white,86%,White Shirt,2063,2433,Polyester
74.jpg,white,42%,White Shirt,2714,3045,Polyester
740.jpg,gray,43%,Gray Shirt,1842,2208,Cotton
741.jpg,unknown,81%,Stylish Shirt,1975,2322,Wool
742.jpg,gray,39%,Gray Shirt,2093,2471,Silk
743.jpg,black,51%,Black Shirt,2819,3511,Silk
744.jpg,unknown,86%,Stylish Shirt,2300,2889,Cotton
745.jpg,white,64%,White Shirt,2910,3345,Cotton
746.jpg,white,93%,White Shirt,2767,3407,Wool
747.jpg,green,53%,Green Shirt,2219,3013,Denim
748.jpg,white,95%,White Shirt,2091,2655,Linen
749.jpg,white,48%,White Shirt,2163,2570,Polyester
75.jpg,white,77%,White Shirt,1929,2257,Polyester
750.jpg,black,67%,Black Shirt,2058,2393,Denim
751.jpg,black,66%,Black Shirt,2392,3035,Polyester
752.jpg,white,62%,White Shirt,2560,3098,Wool
753.jpg,black,52%,Black Shirt,2608,3044,Polyester
754.jpg,unknown,60%,Stylish Shirt,2808,3359,Wool
755.jpg,unknown,42%,Stylish Shirt,2220,2815,Wool
756.jpg,gray,48%,Gray Shirt,2207,2910,Linen
757.jpg,black,44%,Black Shirt,2866,3235,Silk
758.jpg,unknown,62%,Stylish Shirt,2263,3015,Denim
759.jpg,unknown,41%,Stylish Shirt,2529,3004,Wool
76.jpg,unknown,81%,Stylish Shirt,2790,3165,Wool
760.jpg,black,51%,Black Shirt,1610,2278,Cotton
761.jpg,black,39%,Black Shirt,1980,2442,Cotton
762.jpg,white,70%,White Shirt,1579,2164,Linen
763.jpg,unknown,61%,Stylish Shirt,1552,2126,Denim
764.jpg,white,56%,White Shirt,2299,2867,Polyester
765.jpg,black,45%,Black Shirt,1756,2418,Wool
766.jpg,black,51%,Black Shirt,1829,2406,Cotton
767.jpg,black,70%,Black Shirt,2780,3579,Linen
768.jpg,black,52%,Black Shirt,2356,3064,Wool
769.jpg,white,70%,White Shirt,2480,2824,Cotton
77.jpg,black,73%,Black Shirt,1672,2153,Wool
770.jpg,white,69%,White Shirt,2830,3233,Cotton
771.jpg,unknown,73%,Stylish Shirt,1668,2449,Linen
772.jpg,white,39%,White Shirt,1903,2524,Silk
773.jpg,unknown,82%,Stylish Shirt,2806,3337,Polyester
774.jpg,unknown,57%,Stylish Shirt,2740,3346,Wool
775.jpg,white,61%,White Shirt,2684,3251,Silk
776.jpg,white,39%,White Shirt,2989,3423,Cotton
777.jpg,white,60%,White Shirt,2787,3312,Cotton
778.jpg,white,56%,White Shirt,2288,2914,Linen
779.jpg,gray,80%,Gray Shirt,2163,2605,Cotton
78.jpg,black,37%,Black Shirt,2338,2892,Polyester
780.jpg,white,59%,White Shirt,1680,2361,Wool
781.jpg,black,76%,Black Shirt,2946,3311,Linen
782.jpg,green,46%,Green Shirt,1793,2222,Silk
783.jpg,white,42%,White Shirt,1559,2044,Denim
784.jpg,gray,80%,Gray Shirt,1596,1998,Denim
785.jpg,unknown,73%,Stylish Shirt,2245,3042,Linen
786.jpg,white,48%,White Shirt,1840,2383,Cotton
787.jpg,unknown,78%,Stylish Shirt,1975,2541,Wool
788.jpg,black,78%,Black Shirt,2686,3476,Silk
789.jpg,black,78%,Black Shirt,2222,2791,Linen
79.jpg,gray,55%,Gray Shirt,2519,3071,Silk
790.jpg,blue,48%,Blue Shirt,2987,3569,Silk
791.jpg,white,76%,White Shirt,2040,2780,Denim
792.jpg,white,47%,White Shirt,2815,3486,Linen
793.jpg,white,61%,White Shirt,2501,3109,Denim
794.jpg,yellow,76%,Yellow Shirt,2612,3022,Linen
795.jpg,black,79%,Black Shirt,2492,3147,Linen
796.jpg,white,37%,White Shirt,2318,2731,Cotton
797.jpg,white,47%,White Shirt,2910,3419,Silk
798.jpg,gray,59%,Gray Shirt,2968,3476,Silk
799.jpg,white,56%,White Shirt,1942,2266,Wool
8.jpg,red,81%,Red Shirt,2267,3023,Wool
80.jpg,black,59%,Black Shirt,2308,3024,Denim
800.jpg,black,78%,Black Shirt,2191,2591,Wool
801.jpg,black,74%,Black Shirt,1595,1940,Polyester
802.jpg,blue,81%,Blue Shirt,2865,3347,Polyester
803.jpg,gray,78%,Gray Shirt,2977,3340,Denim
804.jpg,white,41%,White Shirt,1508,2296,Linen
805.jpg,white,51%,White Shirt,1567,1931,Cotton
806.jpg,green,74%,Green Shirt,2255,2912,Silk
807.jpg,black,72%,Black Shirt,1836,2173,Cotton
808.jpg,unknown,78%,Stylish Shirt,2714,3262,Linen
809.jpg,gray,77%,Gray Shirt,2047,2748,Linen
81.jpg,black,46%,Black Shirt,1735,2491,Denim
810.jpg,white,72%,White Shirt,1602,1952,Linen
811.jpg,white,50%,White Shirt,2133,2520,Silk
812.jpg,black,77%,Black Shirt,2821,3442,Wool
813.jpg,black,62%,Black Shirt,2433,2903,Linen
814.jpg,black,74%,Black Shirt,1513,2129,Linen
815.jpg,white,38%,White Shirt,1906,2261,Denim
816.jpg,white,55%,White Shirt,2636,3251,Denim
817.jpg,gray,83%,Gray Shirt,2578,2964,Denim
818.jpg,unknown,80%,Stylish Shirt,1879,2653,Denim
819.jpg,white,45%,White Shirt,1839,2204,Silk
82.jpg,white,56%,White Shirt,2659,3183,Cotton
820.jpg,white,91%,White Shirt,2266,2770,Wool
821.jpg,white,50%,White Shirt,2194,2564,Cotton
822.jpg,gray,51%,Gray Shirt,2107,2618,Cotton
823.jpg,black,69%,Black Shirt,2572,3008,Polyester
824.jpg,white,46%,White Shirt,1575,1905,Silk
825.jpg,white,41%,White Shirt,2590,3153,Polyester
826.jpg,white,50%,White Shirt,2909,3346,Polyester
827.jpg,green,80%,Green Shirt,2381,3126,Cotton
828.jpg,black,73%,Black Shirt,2773,3098,Cotton
829.jpg,black,79%,Black Shirt,1582,1995,Silk
83.jpg,gray,69%,Gray Shirt,2218,2555,Wool
830.jpg,black,80%,Black Shirt,2658,3364,Linen
831.jpg,black,78%,Black Shirt,2548,3121,Wool
832.jpg,black,77%,Black Shirt,2495,3160,Denim
833.jpg,green,77%,Green Shirt,2684,3113,Wool
834.jpg,black,68%,Black Shirt,2750,3495,Wool
835.jpg,white,92%,White Shirt,1623,2371,Polyester
836.jpg,white,40%,White Shirt,2357,2855,Wool
837.jpg,black,79%,Black Shirt,1892,2569,Silk
838.jpg,white,47%,White Shirt,2868,3388,Polyester
839.jpg,unknown,77%,Stylish Shirt,2353,2814,Denim
84.jpg,black,40%,Black Shirt,2190,2677,Wool
840.jpg,black,64%,Black Shirt,2023,2389,Cotton
841.jpg,black,76%,Black Shirt,2126,2748,Linen
842.jpg,gray,50%,Gray Shirt,1643,2057,Wool
843.jpg,white,58%,White Shirt,1904,2394,Denim
844.jpg,gray,81%,Gray Shirt,2724,3363,Polyester
845.jpg,gray,51%,Gray Shirt,1822,2347,Silk
846.jpg,unknown,78%,Stylish Shirt,2338,2943,Polyester
847.jpg,gray,76%,Gray Shirt,2569,2989,Cotton
848.jpg,white,63%,White Shirt,2590,3010,Silk
849.jpg,gray,43%,Gray Shirt,2339,2932,Linen
85.jpg,white,44%,White Shirt,2206,2763,Cotton
850.jpg,unknown,85%,Stylish Shirt,2910,3653,Silk
851.jpg,yellow,76%,Yellow Shirt,2920,3638,Wool
852.jpg,black,77%,Black Shirt,1973,2375,Linen
853.jpg,blue,78%,Blue Shirt,1713,2477,Silk
854.jpg,unknown,80%,Stylish Shirt,2140,2749,Wool
855.jpg,white,45%,White Shirt,2240,2560,Denim
856.jpg,white,93%,White Shirt,2737,3106,Wool
857.jpg,blue,78%,Blue Shirt,2959,3742,Linen
858.jpg,black,77%,Black Shirt,1846,2537,Silk
859.jpg,white,45%,White Shirt,2082,2654,Silk
86.jpg,white,50%,White Shirt,1865,2357,Polyester
860.jpg,white,42%,White Shirt,1633,2421,Silk
861.jpg,black,84%,Black Shirt,2167,2929,Silk
862.jpg,white,62%,White Shirt,2505,3053,Polyester
863.jpg,unknown,52%,Stylish Shirt,2212,2617,Polyester
864.jpg,gray,47%,Gray Shirt,2348,2881,Linen
865.jpg,black,78%,Black Shirt,1581,1967,Cotton
866.jpg,blue,76%,Blue Shirt,2191,2777,Cotton
867.jpg,white,35%,White Shirt,2806,3232,Polyester
868.jpg,white,58%,White Shirt,2948,3340,Linen
869.jpg,black,69%,Black Shirt,2290,3044,Silk
87.jpg,unknown,71%,Stylish Shirt,2979,3510,Silk
870.jpg,gray,55%,Gray Shirt,2157,2792,Cotton
871.jpg,black,71%,Black Shirt,2926,3227,Wool
872.jpg,gray,44%,Gray Shirt,2323,2812,Linen
873.jpg,white,86%,White Shirt,2062,2507,Linen
874.jpg,unknown,85%,Stylish Shirt,2423,2783,Polyester
875.jpg,brown,83%,Brown Shirt,2180,2883,Polyester
876.jpg,blue,43%,Blue Shirt,2018,2649,Silk
877.jpg,yellow,73%,Yellow Shirt,1755,2333,Cotton
878.jpg,white,64%,White Shirt,2679,3346,Linen
879.jpg,gray,86%,Gray Shirt,1573,1924,Denim
88.jpg,blue,51%,Blue Shirt,2157,2942,Cotton
880.jpg,white,45%,White Shirt,1666,2047,Wool
881.jpg,black,76%,Black Shirt,1688,2102,Cotton
882.jpg,gray,49%,Gray Shirt,2355,2832,Wool
883.jpg,white,59%,White Shirt,2732,3510,Denim
884.jpg,black,80%,Black Shirt,2903,3472,Linen
885.jpg,white,73%,White Shirt,1688,2122,Wool
886.jpg,white,60%,White Shirt,1829,2528,Silk
887.jpg,blue,61%,Blue Shirt,1611,2185,Wool
888.jpg,blue,55%,Blue Shirt,2706,3420,Cotton
889.jpg,blue,77%,Blue Shirt,1509,1977,Cotton
89.jpg,unknown,73%,Stylish Shirt,2357,2703,Linen
890.jpg,black,82%,Black Shirt,2249,2553,Cotton
891.jpg,white,88%,White Shirt,2091,2413,Wool
892.jpg,gray,42%,Gray Shirt,2955,3553,Linen
893.jpg,gray,48%,Gray Shirt,2623,3180,Denim
894.jpg,white,97%,White Shirt,2317,3027,Silk
895.jpg,white,48%,White Shirt,2547,2901,Polyester
896.jpg,black,70%,Black Shirt,2837,3511,Wool
897.jpg,white,66%,White Shirt,2826,3289,Polyester
898.jpg,white,62%,White Shirt,2863,3257,Cotton
899.jpg,white,54%,White Shirt,1878,2508,Wool
9.jpg,black,79%,Black Shirt,2605,3030,Denim
90.jpg,black,70%,Black Shirt,1775,2323,Wool
900.jpg,black,83%,Black Shirt,2189,2624,Denim
901.jpg,unknown,81%,Stylish Shirt,2208,2627,Linen
902.jpg,white,53%,White Shirt,1794,2198,Cotton
903.jpg,white,64%,White Shirt,1931,2240,Wool
904.jpg,gray,44%,Gray Shirt,2465,3076,Cotton
905.jpg,gray,44%,Gray Shirt,2155,2842,Cotton
906.jpg,black,78%,Black Shirt,1540,1875,Cotton
907.jpg,blue,80%,Blue Shirt,2635,3324,Linen
908.jpg,black,77%,Black Shirt,1579,2252,Wool
909.jpg,white,65%,White Shirt,2092,2611,Cotton
91.jpg,black,73%,Black Shirt,1685,2392,Linen
910.jpg,white,54%,White Shirt,2542,3167,Polyester
911.jpg,white,42%,White Shirt,2679,3193,Linen
912.jpg,black,78%,Black Shirt,2142,2922,Linen
913.jpg,white,37%,White Shirt,2853,3188,Linen
914.jpg,white,94%,White Shirt,1575,2285,Wool
915.jpg,white,47%,White Shirt,2590,3022,Wool
916.jpg,black,81%,Black Shirt,2036,2617,Wool
917.jpg,red,80%,Red Shirt,1944,2699,Cotton
918.jpg,gray,79%,Gray Shirt,1973,2660,Cotton
919.jpg,black,80%,Black Shirt,2664,2981,Denim
92.jpg,white,86%,White Shirt,2482,2848,Cotton
920.jpg,gray,55%,Gray Shirt,2707,3097,Cotton
921.jpg,white,92%,White Shirt,1817,2348,Polyester
922.jpg,white,60%,White Shirt,2648,3200,Cotton
923.jpg,unknown,80%,Stylish Shirt,1734,2213,Denim
924.jpg,gray,46%,Gray Shirt,2427,2808,Polyester
925.jpg,white,45%,White Shirt,2729,3093,Linen
926.jpg,black,81%,Black Shirt,2167,2866,Polyester
927.jpg,unknown,81%,Stylish Shirt,1642,2133,Silk
928.jpg,gray,82%,Gray Shirt,2053,2379,Denim
929.jpg,green,65%,Green Shirt,2614,3283,Linen
93.jpg,white,89%,White Shirt,1550,2241,Cotton
930.jpg,white,62%,White Shirt,1575,2212,Linen
931.jpg,white,43%,White Shirt,1888,2257,Denim
932.jpg,unknown,59%,Stylish Shirt,1836,2208,Cotton
933.jpg,gray,60%,Gray Shirt,2470,3003,Linen
934.jpg,black,68%,Black Shirt,1594,1900,Linen
935.jpg,unknown,44%,Stylish Shirt,1559,1957,Polyester
936.jpg,blue,80%,Blue Shirt,2564,3318,Denim
937.jpg,unknown,49%,Stylish Shirt,1849,2220,Polyester
938.jpg,unknown,76%,Stylish Shirt,2218,2773,Polyester
939.jpg,black,76%,Black Shirt,2587,2958,Polyester
94.jpg,black,84%,Black Shirt,2277,2677,Denim
940.jpg,black,78%,Black Shirt,2501,2926,Linen
941.jpg,white,50%,White Shirt,2564,3347,Silk
942.jpg,white,91%,White Shirt,2965,3618,Linen
943.jpg,black,46%,Black Shirt,2331,2661,Wool
944.jpg,black,78%,Black Shirt,2967,3690,Linen
945.jpg,unknown,49%,Stylish Shirt,2548,3338,Denim
946.jpg,blue,80%,Blue Shirt,1807,2407,Silk
947.jpg,white,42%,White Shirt,1796,2403,Denim
948.jpg,unknown,55%,Stylish Shirt,2627,3304,Polyester
949.jpg,white,51%,White Shirt,2579,3026,Silk
95.jpg,white,95%,White Shirt,1987,2520,Polyester
950.jpg,white,64%,White Shirt,2971,3442,Polyester
951.jpg,black,73%,Black Shirt,2189,2880,Silk
952.jpg,red,81%,Red Shirt,2319,3001,Cotton
953.jpg,black,74%,Black Shirt,2893,3587,Cotton
954.jpg,pink,79%,Pink Shirt,2430,2764,Denim
955.jpg,gray,40%,Gray Shirt,1705,2150,Silk
956.jpg,white,42%,White Shirt,2056,2572,Denim
957.jpg,white,70%,White Shirt,1664,2341,Cotton
958.jpg,black,75%,Black Shirt,1895,2486,Silk
959.jpg,gray,49%,Gray Shirt,1749,2152,Linen
96.jpg,gray,68%,Gray Shirt,2630,3401,Denim
960.jpg,white,51%,White Shirt,1963,2354,Wool
961.jpg,black,76%,Black Shirt,2590,3014,Cotton
962.jpg,black,79%,Black Shirt,1514,2244,Linen
963.jpg,unknown,75%,Stylish Shirt,2141,2489,Denim
964.jpg,gray,74%,Gray Shirt,2102,2565,Denim
965.jpg,unknown,37%,Stylish Shirt,2271,2804,Denim
966.jpg,black,78%,Black Shirt,2750,3143,Cotton
967.jpg,gray,42%,Gray Shirt,2166,2526,Denim
968.jpg,white,63%,White Shirt,2030,2394,Denim
969.jpg,white,42%,White Shirt,2552,3081,Silk
97.jpg,unknown,42%,Stylish Shirt,2155,2709,Linen
970.jpg,blue,68%,Blue Shirt,2061,2481,Polyester
971.jpg,black,77%,Black Shirt,1950,2443,Wool
972.jpg,white,77%,White Shirt,2035,2811,Denim
973.jpg,white,63%,White Shirt,2538,3297,Cotton
974.jpg,gray,77%,Gray Shirt,2938,3686,Linen
975.jpg,white,80%,White Shirt,1588,2381,Polyester
976.jpg,gray,80%,Gray Shirt,1595,2328,Silk
977.jpg,gray,76%,Gray Shirt,1670,2035,Cotton
978.jpg,white,73%,White Shirt,2269,2611,Cotton
979.jpg,unknown,80%,Stylish Shirt,2328,3058,Polyester
98.jpg,white,44%,White Shirt,1508,2172,Silk
980.jpg,blue,77%,Blue Shirt,1618,1972,Denim
981.jpg,white,59%,White Shirt,1924,2578,Polyester
982.jpg,white,58%,White Shirt,2483,3241,Wool
983.jpg,white,50%,White Shirt,2376,2768,Polyester
984.jpg,gray,47%,Gray Shirt,2075,2409,Silk
985.jpg,unknown,45%,Stylish Shirt,1972,2627,Cotton
986.jpg,gray,67%,Gray Shirt,1899,2600,Silk
987.jpg,black,77%,Black Shirt,2170,2479,Silk
988.jpg,unknown,78%,Stylish Shirt,1532,2191,Silk
989.jpg,white,62%,White Shirt,2996,3330,Polyester
99.jpg,gray,68%,Gray Shirt,2508,2965,Polyester
990.jpg,unknown,83%,Stylish Shirt,2333,2852,Wool
991.jpg,red,76%,Red Shirt,1943,2636,Cotton
992.jpg,white,63%,White Shirt,1516,2027,Silk
993.jpg,gray,79%,Gray Shirt,2757,3197,Silk
994.jpg,white,48%,White Shirt,1956,2424,Silk
995.jpg,gray,54%,Gray Shirt,1811,2559,Denim
996.jpg,gray,48%,Gray Shirt,2602,3175,Silk
997.jpg,white,53%,White Shirt,2089,2583,Denim
998.jpg,blue,75%,Blue Shirt,1603,2060,Cotton
999.jpg,white,63%,White Shirt,2987,3524,Cotton
ASUS-TUF-Gaming-Dash-F15-Laptop-With-NVIDIA-GeForce-RTX-3050-GPU-Intel-Core-i5-11300H-CPU-_1.jpg,black,71%,Black Shirt,2276,2734,Polyester
